Date,Close,Date,Close,Date,Close
11/2/2015,2104.05,11/2/2015,108.59,11/2/2015,121.95
11/3/2015,2109.79,11/3/2015,106.98,11/3/2015,120.95
11/4/2015,2102.31,11/4/2015,105.97,11/4/2015,121.09
11/5/2015,2099.93,11/5/2015,105.64,11/5/2015,120.77
11/6/2015,2099.2,11/6/2015,104.1,11/6/2015,119
11/9/2015,2078.58,11/9/2015,104.4,11/9/2015,118.33
11/10/2015,2081.72,11/10/2015,104.18,11/10/2015,118.68
11/11/2015,2075,11/11/2015,103.83,11/11/2015,118.43
11/12/2015,2045.97,11/12/2015,103.85,11/12/2015,119
11/13/2015,2023.04,11/13/2015,103.56,11/13/2015,119.68
11/16/2015,2053.19,11/16/2015,103.71,11/16/2015,119.57
11/17/2015,2050.44,11/17/2015,102.34,11/17/2015,119.77
11/18/2015,2083.58,11/18/2015,102.43,11/18/2015,120.02
11/19/2015,2081.24,11/19/2015,103.56,11/19/2015,120.82
11/20/2015,2089.17,11/20/2015,103.09,11/20/2015,120.45
11/23/2015,2086.59,11/23/2015,102.26,11/23/2015,120.82
11/24/2015,2089.14,11/24/2015,102.94,11/24/2015,120.81
11/25/2015,2088.87,11/25/2015,102.46,11/25/2015,121.09
11/27/2015,2090.11,11/27/2015,101.25,11/27/2015,120.97
11/30/2015,2080.41,11/30/2015,101.92,11/30/2015,121.45
12/1/2015,2102.63,12/1/2015,102.28,12/1/2015,122.83
12/2/2015,2079.51,12/2/2015,100.69,12/2/2015,122.87
12/3/2015,2049.62,12/3/2015,101.76,12/3/2015,119.53
12/4/2015,2091.69,12/4/2015,104.02,12/4/2015,120.58
12/7/2015,2077.07,12/7/2015,102.67,12/7/2015,121.75
12/8/2015,2063.59,12/8/2015,102.84,12/8/2015,121.81
12/9/2015,2047.62,12/9/2015,102.64,12/9/2015,121.68
12/10/2015,2052.23,12/10/2015,102.55,12/10/2015,121.84
12/11/2015,2012.37,12/11/2015,103.11,12/11/2015,123.76
12/14/2015,2021.94,12/14/2015,101.79,12/14/2015,122.16
12/15/2015,2043.41,12/15/2015,101.52,12/15/2015,121.44
12/16/2015,2073.07,12/16/2015,102.75,12/16/2015,121.18
12/17/2015,2041.89,12/17/2015,100.5,12/17/2015,122.55
12/18/2015,2005.55,12/18/2015,102.04,12/18/2015,123.23
12/21/2015,2021.15,12/21/2015,103.15,12/21/2015,123.2
12/22/2015,2038.97,12/22/2015,102.61,12/22/2015,122.31
12/23/2015,2064.29,12/23/2015,102.31,12/23/2015,121.39
12/24/2015,2060.99,12/24/2015,103.05,12/24/2015,121.83
12/28/2015,2056.5,12/28/2015,102.27,12/28/2015,122.19
12/29/2015,2078.36,12/29/2015,102.2,12/29/2015,120.16
12/30/2015,2063.36,12/30/2015,101.42,12/30/2015,120.04
12/31/2015,2043.94,12/31/2015,101.46,12/31/2015,120.58
1/4/2016,2012.66,1/4/2016,102.89,1/4/2016,121.45
1/5/2016,2016.71,1/5/2016,103.18,1/5/2016,120.96
1/6/2016,1990.26,1/6/2016,104.67,1/6/2016,122.59
1/7/2016,1943.09,1/7/2016,106.15,1/7/2016,122.81
1/8/2016,1922.03,1/8/2016,105.68,1/8/2016,123.36
1/11/2016,1923.67,1/11/2016,104.74,1/11/2016,122.01
1/12/2016,1938.68,1/12/2016,104.21,1/12/2016,123.77
1/13/2016,1890.28,1/13/2016,104.72,1/13/2016,124.99
1/14/2016,1921.84,1/14/2016,103.02,1/14/2016,123.82
1/15/2016,1880.33,1/15/2016,104.08,1/15/2016,125.75
1/19/2016,1881.33,1/19/2016,103.98,1/19/2016,125.36
1/20/2016,1859.33,1/20/2016,105.37,1/20/2016,126.68
1/21/2016,1868.99,1/21/2016,105.49,1/21/2016,125.82
1/22/2016,1906.9,1/22/2016,105,1/22/2016,125.34
1/25/2016,1877.08,1/25/2016,106.08,1/25/2016,126.02
1/26/2016,1903.63,1/26/2016,107.29,1/26/2016,126.08
1/27/2016,1882.95,1/27/2016,107.69,1/27/2016,126.05
1/28/2016,1893.36,1/28/2016,106.54,1/28/2016,126.23
1/29/2016,1940.24,1/29/2016,106.95,1/29/2016,127.3
2/1/2016,1939.38,2/1/2016,108.05,2/1/2016,126.67
2/2/2016,1903.03,2/2/2016,108.09,2/2/2016,126.67
2/3/2016,1912.53,2/3/2016,109.25,2/3/2016,127.95
2/4/2016,1915.45,2/4/2016,110.57,2/4/2016,128.57
2/5/2016,1880.05,2/5/2016,112.32,2/5/2016,128.72
2/8/2016,1853.44,2/8/2016,113.83,2/8/2016,131.49
2/9/2016,1852.21,2/9/2016,113.58,2/9/2016,131.63
2/10/2016,1851.86,2/10/2016,114.46,2/10/2016,132.79
2/11/2016,1829.08,2/11/2016,119.06,2/11/2016,133.72
2/12/2016,1864.78,2/12/2016,118.36,2/12/2016,131.5
2/16/2016,1895.58,2/16/2016,114.77,2/16/2016,130.11
2/17/2016,1926.82,2/17/2016,115.48,2/17/2016,129.31
2/18/2016,1917.83,2/18/2016,118.29,2/18/2016,130.9
2/19/2016,1917.78,2/19/2016,117.58,2/19/2016,131.01
2/22/2016,1945.5,2/22/2016,115.49,2/22/2016,130.94
2/23/2016,1921.27,2/23/2016,117.22,2/23/2016,131.47
2/24/2016,1929.8,2/24/2016,117.61,2/24/2016,131.21
2/25/2016,1951.7,2/25/2016,117.92,2/25/2016,131.68
2/26/2016,1948.05,2/26/2016,117.11,2/26/2016,130.41
2/29/2016,1932.23,2/29/2016,118.64,2/29/2016,130.98
3/1/2016,1978.35,3/1/2016,117.77,3/1/2016,128.43
3/2/2016,1986.45,3/2/2016,118.68,3/2/2016,128.96
3/3/2016,1993.4,3/3/2016,120.73,3/3/2016,129.43
3/4/2016,1999.99,3/4/2016,120.54,3/4/2016,128.6
3/7/2016,2001.76,3/7/2016,121.14,3/7/2016,128.56
3/8/2016,1979.26,3/8/2016,120.58,3/8/2016,129.98
3/9/2016,1989.26,3/9/2016,119.58,3/9/2016,129.19
3/10/2016,1989.57,3/10/2016,121.5,3/10/2016,128.66
3/11/2016,2022.19,3/11/2016,119.41,3/11/2016,127.36
3/14/2016,2019.64,3/14/2016,117.87,3/14/2016,127.76
3/15/2016,2015.93,3/15/2016,117.96,3/15/2016,127.88
3/16/2016,2027.22,3/16/2016,120.59,3/16/2016,128.26
3/17/2016,2040.59,3/17/2016,120.13,3/17/2016,128.79
3/18/2016,2049.58,3/18/2016,119.8,3/18/2016,129.06
3/21/2016,2051.6,3/21/2016,118.96,3/21/2016,128.07
3/22/2016,2049.8,3/22/2016,119.31,3/22/2016,128.04
3/23/2016,2036.71,3/23/2016,116.61,3/23/2016,129.49
3/24/2016,2035.94,3/24/2016,116.33,3/24/2016,129.54
3/28/2016,2037.05,3/28/2016,116.6,3/28/2016,129.71
3/29/2016,2055.01,3/29/2016,118.76,3/29/2016,131.07
3/30/2016,2063.95,3/30/2016,117.1,3/30/2016,129.69
3/31/2016,2059.74,3/31/2016,117.64,3/31/2016,130.61
4/1/2016,2072.78,4/1/2016,116.93,4/1/2016,130.68
4/4/2016,2066.13,4/4/2016,116.15,4/4/2016,130.76
4/5/2016,2045.17,4/5/2016,117.66,4/5/2016,132.19
4/6/2016,2066.66,4/6/2016,116.94,4/6/2016,131.23
4/7/2016,2041.91,4/7/2016,118.61,4/7/2016,132.85
4/8/2016,2047.6,4/8/2016,118.43,4/8/2016,132.01
4/11/2016,2041.99,4/11/2016,120.03,4/11/2016,131.84
4/12/2016,2061.72,4/12/2016,120.05,4/12/2016,130.93
4/13/2016,2082.42,4/13/2016,118.77,4/13/2016,131.39
4/14/2016,2082.78,4/14/2016,117.11,4/14/2016,130.76
4/15/2016,2080.73,4/15/2016,117.92,4/15/2016,131.88
4/18/2016,2094.34,4/18/2016,117.74,4/18/2016,131.31
4/19/2016,2100.8,4/19/2016,119.58,4/19/2016,130.9
4/20/2016,2102.4,4/20/2016,118.97,4/20/2016,129.46
4/21/2016,2091.48,4/21/2016,119.42,4/21/2016,128.69
4/22/2016,2091.58,4/22/2016,117.89,4/22/2016,128.36
4/25/2016,2087.79,4/25/2016,118.23,4/25/2016,127.83
4/26/2016,2091.7,4/26/2016,118.7,4/26/2016,127.25
4/27/2016,2095.15,4/27/2016,119.04,4/27/2016,128.52
4/28/2016,2075.81,4/28/2016,121.29,4/28/2016,129.05
4/29/2016,2065.3,4/29/2016,123.65,4/29/2016,129.38
5/2/2016,2081.43,5/2/2016,123.24,5/2/2016,127.82
5/3/2016,2063.37,5/3/2016,122.96,5/3/2016,129.43
5/4/2016,2051.12,5/4/2016,122.21,5/4/2016,130.14
5/5/2016,2050.63,5/5/2016,122.07,5/5/2016,131.01
5/6/2016,2057.14,5/6/2016,123.18,5/6/2016,130.45
5/9/2016,2058.69,5/9/2016,120.65,5/9/2016,130.86
5/10/2016,2084.39,5/10/2016,120.98,5/10/2016,130.87
5/11/2016,2064.46,5/11/2016,122.12,5/11/2016,131.61
5/12/2016,2064.11,5/12/2016,121.16,5/12/2016,131.01
5/13/2016,2046.61,5/13/2016,121.71,5/13/2016,132.28
5/16/2016,2066.66,5/16/2016,121.8,5/16/2016,131.14
5/17/2016,2047.21,5/17/2016,122.22,5/17/2016,131.36
5/18/2016,2047.63,5/18/2016,120.1,5/18/2016,129.49
5/19/2016,2040.04,5/19/2016,119.87,5/19/2016,130.05
5/20/2016,2052.32,5/20/2016,119.71,5/20/2016,130.15
5/23/2016,2048.04,5/23/2016,119.37,5/23/2016,130.44
5/24/2016,2076.06,5/24/2016,117.3,5/24/2016,129.86
5/25/2016,2090.54,5/25/2016,116.98,5/25/2016,129.37
5/26/2016,2090.1,5/26/2016,116.58,5/26/2016,130.04
5/27/2016,2099.06,5/27/2016,115.62,5/27/2016,129.85
5/31/2016,2096.96,5/31/2016,116.06,5/31/2016,130.16
6/1/2016,2099.33,6/1/2016,115.94,6/1/2016,130.42
6/2/2016,2105.26,6/2/2016,115.67,6/2/2016,131.36
6/3/2016,2099.13,6/3/2016,118.88,6/3/2016,133.23
6/6/2016,2109.41,6/6/2016,118.92,6/6/2016,132.24
6/7/2016,2112.13,6/7/2016,118.82,6/7/2016,132.56
6/8/2016,2119.12,6/8/2016,120.58,6/8/2016,133.27
6/9/2016,2115.48,6/9/2016,121.25,6/9/2016,134.13
6/10/2016,2096.07,6/10/2016,121.74,6/10/2016,134.78
6/13/2016,2079.06,6/13/2016,122.64,6/13/2016,135.38
6/14/2016,2075.32,6/14/2016,122.77,6/14/2016,135.28
6/15/2016,2071.5,6/15/2016,123.68,6/15/2016,135.8
6/16/2016,2077.99,6/16/2016,122.38,6/16/2016,136.46
6/17/2016,2071.22,6/17/2016,123.95,6/17/2016,135.61
6/20/2016,2083.25,6/20/2016,123.21,6/20/2016,134.16
6/21/2016,2088.9,6/21/2016,120.84,6/21/2016,133.54
6/22/2016,2085.45,6/22/2016,120.9,6/22/2016,133.76
6/23/2016,2113.32,6/23/2016,120.11,6/23/2016,132.23
6/24/2016,2037.41,6/24/2016,126.01,6/24/2016,135.78
6/27/2016,2000.54,6/27/2016,126.68,6/27/2016,139.17
6/28/2016,2036.09,6/28/2016,125.32,6/28/2016,139.46
6/29/2016,2070.77,6/29/2016,125.84,6/29/2016,138.39
6/30/2016,2098.86,6/30/2016,126.47,6/30/2016,138.9
7/1/2016,2102.95,7/1/2016,128.41,7/1/2016,140.57
7/5/2016,2088.55,7/5/2016,129.47,7/5/2016,142.33
7/6/2016,2099.73,7/6/2016,130.23,7/6/2016,142.56
7/7/2016,2097.9,7/7/2016,129.74,7/7/2016,142.55
7/8/2016,2129.9,7/8/2016,130.52,7/8/2016,143.6
7/11/2016,2137.16,7/11/2016,129.29,7/11/2016,142.34
7/12/2016,2152.14,7/12/2016,127.15,7/12/2016,140
7/13/2016,2152.43,7/13/2016,128.32,7/13/2016,141.65
7/14/2016,2163.75,7/14/2016,127.33,7/14/2016,139.59
7/15/2016,2161.74,7/15/2016,126.84,7/15/2016,138.39
7/18/2016,2166.89,7/18/2016,127.04,7/18/2016,138.26
7/19/2016,2163.78,7/19/2016,127.21,7/19/2016,139.04
7/20/2016,2173.02,7/20/2016,125.39,7/20/2016,138.28
7/21/2016,2165.17,7/21/2016,127.3,7/21/2016,138.56
7/22/2016,2175.03,7/22/2016,126.35,7/22/2016,138.8
7/25/2016,2168.48,7/25/2016,125.47,7/25/2016,138.7
7/26/2016,2169.18,7/26/2016,126,7/26/2016,138.92
7/27/2016,2166.58,7/27/2016,128.03,7/27/2016,140.65
7/28/2016,2170.06,7/28/2016,127.66,7/28/2016,140.39
7/29/2016,2173.6,7/29/2016,128.98,7/29/2016,141.56
8/1/2016,2170.84,8/1/2016,129.22,8/1/2016,139.77
8/2/2016,2157.03,8/2/2016,130.27,8/2/2016,138.33
8/3/2016,2163.79,8/3/2016,129.65,8/3/2016,138.41
8/4/2016,2164.25,8/4/2016,129.87,8/4/2016,139.45
8/5/2016,2182.87,8/5/2016,127.55,8/5/2016,138
8/8/2016,2180.89,8/8/2016,127.44,8/8/2016,138.26
8/9/2016,2181.74,8/9/2016,127.96,8/9/2016,139.62
8/10/2016,2175.49,8/10/2016,128.56,8/10/2016,140.16
8/11/2016,2185.79,8/11/2016,127.67,8/11/2016,138.91
8/12/2016,2184.05,8/12/2016,127.4,8/12/2016,140.08
8/15/2016,2190.15,8/15/2016,127.84,8/15/2016,138.76
8/16/2016,2178.15,8/16/2016,128.47,8/16/2016,138.39
8/17/2016,2182.22,8/17/2016,128.5,8/17/2016,139.22
8/18/2016,2187.02,8/18/2016,129.11,8/18/2016,139.44
8/19/2016,2183.87,8/19/2016,127.97,8/19/2016,138.71
8/22/2016,2182.64,8/22/2016,127.78,8/22/2016,139.88
8/23/2016,2186.9,8/23/2016,127.76,8/23/2016,140.03
8/24/2016,2175.44,8/24/2016,126.34,8/24/2016,139.7
8/25/2016,2172.47,8/25/2016,126.23,8/25/2016,139.17
8/26/2016,2169.04,8/26/2016,126.05,8/26/2016,138.36
8/29/2016,2180.38,8/29/2016,126.3,8/29/2016,140.21
8/30/2016,2176.12,8/30/2016,125.03,8/30/2016,139.67
8/31/2016,2170.95,8/31/2016,124.78,8/31/2016,139.87
9/1/2016,2170.86,9/1/2016,125.29,9/1/2016,139.77
9/2/2016,2179.98,9/2/2016,126.57,9/2/2016,138.63
9/6/2016,2186.48,9/6/2016,128.71,9/6/2016,139.64
9/7/2016,2186.16,9/7/2016,128.27,9/7/2016,139.54
9/8/2016,2181.3,9/8/2016,127.59,9/8/2016,137.79
9/9/2016,2127.81,9/9/2016,126.75,9/9/2016,135.52
9/12/2016,2159.04,9/12/2016,126.59,9/12/2016,135.59
9/13/2016,2127.02,9/13/2016,125.75,9/13/2016,134.05
9/14/2016,2125.77,9/14/2016,126.18,9/14/2016,134.25
9/15/2016,2147.26,9/15/2016,125.37,9/15/2016,133.67
9/16/2016,2139.16,9/16/2016,125.06,9/16/2016,134.75
9/19/2016,2139.12,9/19/2016,125.32,9/19/2016,134.31
9/20/2016,2139.76,9/20/2016,125.44,9/20/2016,134.78
9/21/2016,2163.12,9/21/2016,127.27,9/21/2016,135.87
9/22/2016,2177.18,9/22/2016,127.57,9/22/2016,136.95
9/23/2016,2164.69,9/23/2016,127.65,9/23/2016,136.82
9/26/2016,2146.1,9/26/2016,127.55,9/26/2016,137.69
9/27/2016,2159.93,9/27/2016,126.62,9/27/2016,138.7
9/28/2016,2171.37,9/28/2016,126.22,9/28/2016,138.4
9/29/2016,2151.13,9/29/2016,126.07,9/29/2016,138.75
9/30/2016,2168.27,9/30/2016,125.64,9/30/2016,137.51
10/3/2016,2161.2,10/3/2016,125.32,10/3/2016,136.81
10/4/2016,2150.49,10/4/2016,120.97,10/4/2016,135.21
10/5/2016,2159.73,10/5/2016,120.78,10/5/2016,134.58
10/6/2016,2160.77,10/6/2016,119.66,10/6/2016,133.83
10/7/2016,2153.74,10/7/2016,119.74,10/7/2016,133.92
10/10/2016,2163.66,10/10/2016,120.16,10/10/2016,133.13
10/11/2016,2136.73,10/11/2016,119.55,10/11/2016,132.83
10/12/2016,2139.18,10/12/2016,119.74,10/12/2016,132.96
10/13/2016,2132.55,10/13/2016,120.03,10/13/2016,133.46
10/14/2016,2132.98,10/14/2016,119.36,10/14/2016,131.59
10/17/2016,2126.5,10/17/2016,119.68,10/17/2016,132.43
10/18/2016,2139.6,10/18/2016,120.42,10/18/2016,132.86
10/19/2016,2144.29,10/19/2016,121.11,10/19/2016,132.97
10/20/2016,2141.34,10/20/2016,120.74,10/20/2016,133.11
10/21/2016,2141.16,10/21/2016,120.83,10/21/2016,133.31
10/24/2016,2151.33,10/24/2016,120.56,10/24/2016,132.73
10/25/2016,2143.16,10/25/2016,121.47,10/25/2016,133.08
10/26/2016,2139.43,10/26/2016,120.79,10/26/2016,132.18
10/27/2016,2133.04,10/27/2016,121.01,10/27/2016,130.74
10/28/2016,2126.41,10/28/2016,121.58,10/28/2016,130.45
10/31/2016,2126.15,10/31/2016,121.94,10/31/2016,131.25
11/1/2016,2111.72,11/1/2016,122.73,11/1/2016,131.01
11/2/2016,2097.94,11/2/2016,123.64,11/2/2016,131.58
11/3/2016,2088.66,11/3/2016,124.3,11/3/2016,130.57
11/4/2016,2085.18,11/4/2016,124.39,11/4/2016,131.74
11/7/2016,2131.52,11/7/2016,122.15,11/7/2016,130.62
11/8/2016,2139.56,11/8/2016,121.64,11/8/2016,130.09
11/9/2016,2163.26,11/9/2016,121.56,11/9/2016,124.57
11/10/2016,2167.48,11/10/2016,119.75,11/10/2016,122.73
11/11/2016,2164.45,11/11/2016,117.1,11/11/2016,122.04
11/14/2016,2164.2,11/14/2016,116.11,11/14/2016,121.31
11/15/2016,2180.39,11/15/2016,117.12,11/15/2016,121.91
11/16/2016,2176.94,11/16/2016,116.77,11/16/2016,123.01
11/17/2016,2187.12,11/17/2016,116.17,11/17/2016,121.2
11/18/2016,2181.9,11/18/2016,115.15,11/18/2016,120.85
11/21/2016,2198.18,11/21/2016,115.58,11/21/2016,121.15
11/22/2016,2202.94,11/22/2016,115.54,11/22/2016,121.11
11/23/2016,2204.72,11/23/2016,113.25,11/23/2016,120.64
11/25/2016,2213.35,11/25/2016,112.61,11/25/2016,120.82
11/28/2016,2201.72,11/28/2016,113.8,11/28/2016,121.71
11/29/2016,2204.66,11/29/2016,113.27,11/29/2016,122.22
11/30/2016,2198.81,11/30/2016,111.75,11/30/2016,120.24
12/1/2016,2191.08,12/1/2016,111.54,12/1/2016,118.73
12/2/2016,2191.95,12/2/2016,112.14,12/2/2016,119.6
12/5/2016,2204.71,12/5/2016,111.54,12/5/2016,119.47
12/6/2016,2212.23,12/6/2016,111.43,12/6/2016,119.38
12/7/2016,2241.35,12/7/2016,111.83,12/7/2016,120.4
12/8/2016,2246.19,12/8/2016,111.57,12/8/2016,118.98
12/9/2016,2259.53,12/9/2016,110.4,12/9/2016,117.5
12/12/2016,2256.96,12/12/2016,110.82,12/12/2016,117.72
12/13/2016,2271.72,12/13/2016,110.45,12/13/2016,118.14
12/14/2016,2253.28,12/14/2016,108.83,12/14/2016,116.82
12/15/2016,2262.03,12/15/2016,107.34,12/15/2016,117.41
12/16/2016,2258.07,12/16/2016,108.05,12/16/2016,117.14
12/19/2016,2262.53,12/19/2016,108.59,12/19/2016,118.4
12/20/2016,2270.76,12/20/2016,107.79,12/20/2016,117.81
12/21/2016,2265.18,12/21/2016,107.85,12/21/2016,118.33
12/22/2016,2260.96,12/22/2016,107.59,12/22/2016,117.81
12/23/2016,2263.79,12/23/2016,107.93,12/23/2016,118.05
12/27/2016,2268.88,12/27/2016,108.56,12/27/2016,117.67
12/28/2016,2249.92,12/28/2016,108.86,12/28/2016,118.53
12/29/2016,2249.26,12/29/2016,110.29,12/29/2016,118.95
12/30/2016,2238.83,12/30/2016,109.61,12/30/2016,119.13
1/3/2017,2257.83,1/3/2017,110.47,1/3/2017,119.64
1/4/2017,2270.75,1/4/2017,110.86,1/4/2017,120.1
1/5/2017,2269,1/5/2017,112.58,1/5/2017,121.98
1/6/2017,2276.98,1/6/2017,111.75,1/6/2017,120.86
1/9/2017,2268.9,1/9/2017,112.67,1/9/2017,121.83
1/10/2017,2268.9,1/10/2017,113.15,1/10/2017,121.75
1/11/2017,2275.32,1/11/2017,113.5,1/11/2017,122.16
1/12/2017,2270.44,1/12/2017,113.91,1/12/2017,121.89
1/13/2017,2274.64,1/13/2017,114.21,1/13/2017,121.31
1/17/2017,2267.89,1/17/2017,115.85,1/17/2017,122.58
1/18/2017,2271.89,1/18/2017,114.87,1/18/2017,121.01
1/19/2017,2263.69,1/19/2017,114.77,1/19/2017,120.18
1/20/2017,2271.31,1/20/2017,115.05,1/20/2017,119.94
1/23/2017,2265.2,1/23/2017,115.79,1/23/2017,121.14
1/24/2017,2280.07,1/24/2017,115.27,1/24/2017,120.31
1/25/2017,2298.37,1/25/2017,114.32,1/25/2017,118.8
1/26/2017,2296.68,1/26/2017,113.26,1/26/2017,119.2
1/27/2017,2294.69,1/27/2017,113.49,1/27/2017,119.63
1/30/2017,2280.9,1/30/2017,113.97,1/30/2017,119.27
1/31/2017,2278.87,1/31/2017,115.55,1/31/2017,120.1
2/1/2017,2279.55,2/1/2017,115.2,2/1/2017,119.1
2/2/2017,2280.85,2/2/2017,115.84,2/2/2017,119.05
2/3/2017,2297.42,2/3/2017,116.13,2/3/2017,119
2/6/2017,2292.56,2/6/2017,117.7,2/6/2017,119.72
2/7/2017,2293.08,2/7/2017,117.46,2/7/2017,120.6
2/8/2017,2294.67,2/8/2017,118.19,2/8/2017,122.24
2/9/2017,2307.87,2/9/2017,117.29,2/9/2017,120.83
2/10/2017,2316.1,2/10/2017,117.6,2/10/2017,120.76
2/13/2017,2328.25,2/13/2017,116.8,2/13/2017,120.38
2/14/2017,2337.58,2/14/2017,116.93,2/14/2017,119.51
2/15/2017,2349.25,2/15/2017,117.45,2/15/2017,118.96
2/16/2017,2347.22,2/16/2017,118.08,2/16/2017,119.61
2/17/2017,2351.16,2/17/2017,117.68,2/17/2017,120.32
2/21/2017,2365.38,2/21/2017,117.75,2/21/2017,120.11
2/22/2017,2362.82,2/22/2017,117.91,2/22/2017,120.31
2/23/2017,2363.81,2/23/2017,118.94,2/23/2017,120.67
2/24/2017,2367.34,2/24/2017,119.7,2/24/2017,122.01
2/27/2017,2369.75,2/27/2017,119.12,2/27/2017,121.29
2/28/2017,2363.64,2/28/2017,119.23,2/28/2017,121.74
3/1/2017,2395.96,3/1/2017,119.06,3/1/2017,119.47
3/2/2017,2381.92,3/2/2017,117.58,3/2/2017,119.04
3/3/2017,2383.12,3/3/2017,117.51,3/3/2017,119.35
3/6/2017,2375.31,3/6/2017,116.72,3/6/2017,118.78
3/7/2017,2368.39,3/7/2017,115.78,3/7/2017,118.42
3/8/2017,2362.98,3/8/2017,115.06,3/8/2017,117.78
3/9/2017,2364.87,3/9/2017,114.47,3/9/2017,116.84
3/10/2017,2372.6,3/10/2017,114.72,3/10/2017,117.25
3/13/2017,2373.47,3/13/2017,114.74,3/13/2017,116.51
3/14/2017,2365.45,3/14/2017,114.12,3/14/2017,117.07
3/15/2017,2385.26,3/15/2017,116.25,3/15/2017,118.5
3/16/2017,2381.38,3/16/2017,116.73,3/16/2017,117.9
3/17/2017,2378.25,3/17/2017,116.99,3/17/2017,118.64
3/20/2017,2373.47,3/20/2017,117.56,3/20/2017,119.15
3/21/2017,2344.02,3/21/2017,118.54,3/21/2017,120.14
3/22/2017,2348.45,3/22/2017,118.83,3/22/2017,120.62
3/23/2017,2345.96,3/23/2017,118.67,3/23/2017,120.45
3/24/2017,2343.98,3/24/2017,118.86,3/24/2017,120.88
3/27/2017,2341.59,3/27/2017,119.53,3/27/2017,121.43
3/28/2017,2358.57,3/28/2017,119.04,3/28/2017,120.62
3/29/2017,2361.13,3/29/2017,119.33,3/29/2017,121.34
3/30/2017,2368.06,3/30/2017,118.47,3/30/2017,120.36
3/31/2017,2362.72,3/31/2017,118.72,3/31/2017,120.71
4/3/2017,2358.84,4/3/2017,119.35,4/3/2017,121.67
4/4/2017,2360.16,4/4/2017,119.62,4/4/2017,121.01
4/5/2017,2352.95,4/5/2017,119.62,4/5/2017,121.38
4/6/2017,2357.49,4/6/2017,119.18,4/6/2017,121.2
4/7/2017,2355.54,4/7/2017,119.46,4/7/2017,120.71
4/10/2017,2357.16,4/10/2017,119.46,4/10/2017,121.27
4/11/2017,2353.78,4/11/2017,121.19,4/11/2017,122.42
4/12/2017,2344.93,4/12/2017,122.02,4/12/2017,123.09
4/13/2017,2328.95,4/13/2017,122.6,4/13/2017,123.47
4/17/2017,2349.01,4/17/2017,122.24,4/17/2017,123.09
4/18/2017,2342.19,4/18/2017,122.82,4/18/2017,124.7
4/19/2017,2338.17,4/19/2017,121.73,4/19/2017,124.02
4/20/2017,2355.84,4/20/2017,121.96,4/20/2017,123.54
4/21/2017,2348.69,4/21/2017,122.31,4/21/2017,123.54
4/24/2017,2374.15,4/24/2017,121.48,4/24/2017,122.93
4/25/2017,2388.61,4/25/2017,120.25,4/25/2017,121.45
4/26/2017,2387.45,4/26/2017,120.84,4/26/2017,122.12
4/27/2017,2388.77,4/27/2017,120.39,4/27/2017,122.08
4/28/2017,2384.2,4/28/2017,120.77,4/28/2017,122.35
5/1/2017,2388.33,5/1/2017,119.67,5/1/2017,121.08
5/2/2017,2391.17,5/2/2017,119.65,5/2/2017,121.7
5/3/2017,2388.13,5/3/2017,117.98,5/3/2017,121.78
5/4/2017,2389.52,5/4/2017,116.79,5/4/2017,121.18
5/5/2017,2399.29,5/5/2017,117.01,5/5/2017,121.29
5/8/2017,2399.38,5/8/2017,116.75,5/8/2017,120.63
5/9/2017,2396.92,5/9/2017,116.05,5/9/2017,120.62
5/10/2017,2399.63,5/10/2017,116.04,5/10/2017,120.48
5/11/2017,2394.44,5/11/2017,116.5,5/11/2017,120.48
5/12/2017,2390.9,5/12/2017,116.83,5/12/2017,121.39
5/15/2017,2402.32,5/15/2017,117.14,5/15/2017,121.06
5/16/2017,2400.67,5/16/2017,117.65,5/16/2017,121.51
5/17/2017,2357.03,5/17/2017,119.79,5/17/2017,123.28
5/18/2017,2365.72,5/18/2017,118.81,5/18/2017,123.42
5/19/2017,2381.73,5/19/2017,119.4,5/19/2017,123.71
5/22/2017,2394.02,5/22/2017,119.9,5/22/2017,123.37
5/23/2017,2398.42,5/23/2017,119.14,5/23/2017,122.54
5/24/2017,2404.39,5/24/2017,119.61,5/24/2017,123.23
5/25/2017,2415.07,5/25/2017,119.48,5/25/2017,123.27
5/26/2017,2415.82,5/26/2017,120.54,5/26/2017,123.48
5/30/2017,2412.91,5/30/2017,120.14,5/30/2017,124.09
5/31/2017,2411.8,5/31/2017,120.62,5/31/2017,124.4
6/1/2017,2430.06,6/1/2017,120.72,6/1/2017,124.15
6/2/2017,2439.07,6/2/2017,121.61,6/2/2017,125.62
6/5/2017,2436.1,6/5/2017,121.73,6/5/2017,124.84
6/6/2017,2429.33,6/6/2017,123.1,6/6/2017,125.52
6/7/2017,2433.14,6/7/2017,122.45,6/7/2017,124.92
6/8/2017,2433.79,6/8/2017,121.65,6/8/2017,124.59
6/9/2017,2431.77,6/9/2017,120.54,6/9/2017,124.4
6/12/2017,2429.39,6/12/2017,120.36,6/12/2017,124.36
6/13/2017,2440.35,6/13/2017,120.48,6/13/2017,124.38
6/14/2017,2437.92,6/14/2017,119.82,6/14/2017,126.3
6/15/2017,2432.46,6/15/2017,119.32,6/15/2017,126.1
6/16/2017,2433.15,6/16/2017,119.34,6/16/2017,126.35
6/19/2017,2453.46,6/19/2017,118.43,6/19/2017,126.17
6/20/2017,2437.03,6/20/2017,118.18,6/20/2017,127.3
6/21/2017,2435.61,6/21/2017,118.52,6/21/2017,127.56
6/22/2017,2434.5,6/22/2017,118.92,6/22/2017,127.84
6/23/2017,2438.3,6/23/2017,119.43,6/23/2017,127.78
6/26/2017,2439.07,6/26/2017,118.36,6/26/2017,128.26
6/27/2017,2419.38,6/27/2017,118.81,6/27/2017,126.89
6/28/2017,2440.69,6/28/2017,118.9,6/28/2017,126.47
6/29/2017,2419.7,6/29/2017,118.32,6/29/2017,125.41
6/30/2017,2423.41,6/30/2017,118.02,6/30/2017,125.12
7/3/2017,2429.01,7/3/2017,116.09,7/3/2017,124.46
7/5/2017,2432.54,7/5/2017,116.52,7/5/2017,124.49
7/6/2017,2409.75,7/6/2017,116.47,7/6/2017,123.46
7/7/2017,2425.18,7/7/2017,115.28,7/7/2017,122.72
7/10/2017,2427.43,7/10/2017,115.47,7/10/2017,122.9
7/11/2017,2425.53,7/11/2017,115.62,7/11/2017,123.11
7/12/2017,2443.25,7/12/2017,116.03,7/12/2017,123.96
7/13/2017,2447.83,7/13/2017,115.82,7/13/2017,123.18
7/14/2017,2459.27,7/14/2017,116.77,7/14/2017,123.33
7/17/2017,2459.14,7/17/2017,117.29,7/17/2017,123.67
7/18/2017,2460.61,7/18/2017,118.11,7/18/2017,124.75
7/19/2017,2473.83,7/19/2017,118.08,7/19/2017,124.8
7/20/2017,2473.45,7/20/2017,118.24,7/20/2017,125.16
7/21/2017,2472.54,7/21/2017,119.26,7/21/2017,125.69
7/24/2017,2469.91,7/24/2017,119.31,7/24/2017,125.2
7/25/2017,2477.13,7/25/2017,118.92,7/25/2017,123.57
7/26/2017,2477.83,7/26/2017,119.88,7/26/2017,123.77
7/27/2017,2475.42,7/27/2017,119.79,7/27/2017,123.16
7/28/2017,2472.1,7/28/2017,120.69,7/28/2017,123.89
7/31/2017,2470.3,7/31/2017,120.75,7/31/2017,124.04
8/1/2017,2476.35,8/1/2017,120.65,8/1/2017,124.64
8/2/2017,2477.57,8/2/2017,120.4,8/2/2017,124.71
8/3/2017,2472.16,8/3/2017,120.59,8/3/2017,126
8/4/2017,2476.83,8/4/2017,119.65,8/4/2017,124.93
8/7/2017,2480.91,8/7/2017,119.51,8/7/2017,125.07
8/8/2017,2474.92,8/8/2017,119.86,8/8/2017,124.62
8/9/2017,2474.02,8/9/2017,121.31,8/9/2017,125.3
8/10/2017,2438.21,8/10/2017,122.21,8/10/2017,126.37
8/11/2017,2441.32,8/11/2017,122.79,8/11/2017,126.43
8/14/2017,2465.84,8/14/2017,121.92,8/14/2017,125.78
8/15/2017,2464.61,8/15/2017,120.98,8/15/2017,125.25
8/16/2017,2468.11,8/16/2017,121.87,8/16/2017,125.71
8/17/2017,2430.01,8/17/2017,122.49,8/17/2017,126.65
8/18/2017,2425.55,8/18/2017,122.3,8/18/2017,126.62
8/21/2017,2428.37,8/21/2017,122.76,8/21/2017,126.93
8/22/2017,2452.51,8/22/2017,122.21,8/22/2017,126.44
8/23/2017,2444.04,8/23/2017,122.67,8/23/2017,127.3
8/24/2017,2438.97,8/24/2017,122.29,8/24/2017,126.83
8/25/2017,2443.05,8/25/2017,122.74,8/25/2017,127.32
8/28/2017,2444.24,8/28/2017,124.69,8/28/2017,127.24
8/29/2017,2446.3,8/29/2017,124.42,8/29/2017,127.65
8/30/2017,2457.59,8/30/2017,124.36,8/30/2017,127.61
8/31/2017,2471.65,8/31/2017,125.82,8/31/2017,127.99
9/1/2017,2476.55,9/1/2017,126.06,9/1/2017,126.75
9/5/2017,2457.85,9/5/2017,127.46,9/5/2017,128.76
9/6/2017,2465.54,9/6/2017,126.81,9/6/2017,127.97
9/7/2017,2465.1,9/7/2017,128.13,9/7/2017,129.28
9/8/2017,2461.43,9/8/2017,127.97,9/8/2017,129
9/11/2017,2488.11,9/11/2017,126.19,9/11/2017,127.46
9/12/2017,2496.48,9/12/2017,126.56,9/12/2017,126.79
9/13/2017,2498.37,9/13/2017,125.61,9/13/2017,126.29
9/14/2017,2495.62,9/14/2017,126.16,9/14/2017,126.81
9/15/2017,2500.23,9/15/2017,125.53,9/15/2017,126.86
9/18/2017,2503.87,9/18/2017,124.36,9/18/2017,126.13
9/19/2017,2506.65,9/19/2017,124.62,9/19/2017,125.82
9/20/2017,2508.24,9/20/2017,123.62,9/20/2017,125.91
9/21/2017,2500.6,9/21/2017,122.68,9/21/2017,125.84
9/22/2017,2502.22,9/22/2017,123.24,9/22/2017,126.2
9/25/2017,2496.66,9/25/2017,124.53,9/25/2017,126.99
9/26/2017,2496.84,9/26/2017,123.14,9/26/2017,126.76
9/27/2017,2507.04,9/27/2017,121.98,9/27/2017,124.85
9/28/2017,2510.06,9/28/2017,122.21,9/28/2017,124.48
9/29/2017,2519.36,9/29/2017,121.58,9/29/2017,124.76
10/2/2017,2529.12,10/2/2017,120.77,10/2/2017,124.28
10/3/2017,2534.58,10/3/2017,120.83,10/3/2017,124.4
10/4/2017,2537.74,10/4/2017,121.17,10/4/2017,124.41
10/5/2017,2552.07,10/5/2017,120.52,10/5/2017,123.94
10/6/2017,2549.33,10/6/2017,121.09,10/6/2017,123.59
10/9/2017,2544.73,10/9/2017,122.08,10/9/2017,123.98
10/10/2017,2550.64,10/10/2017,122.4,10/10/2017,124.18
10/11/2017,2555.24,10/11/2017,122.79,10/11/2017,124.42
10/12/2017,2550.93,10/12/2017,122.89,10/12/2017,124.95
10/13/2017,2553.17,10/13/2017,123.82,10/13/2017,125.85
10/16/2017,2557.64,10/16/2017,122.97,10/16/2017,125.76
10/17/2017,2559.36,10/17/2017,122.13,10/17/2017,125.92
10/18/2017,2561.26,10/18/2017,121.67,10/18/2017,125.09
10/19/2017,2562.1,10/19/2017,122.39,10/19/2017,125.31
10/20/2017,2575.21,10/20/2017,121.61,10/20/2017,123.98
10/23/2017,2564.98,10/23/2017,121.8,10/23/2017,124.2
10/24/2017,2569.13,10/24/2017,121.33,10/24/2017,123.43
10/25/2017,2557.15,10/25/2017,121.35,10/25/2017,122.84
10/26/2017,2560.4,10/26/2017,120.33,10/26/2017,122.43
10/27/2017,2581.07,10/27/2017,120.9,10/27/2017,123.24
10/30/2017,2572.83,10/30/2017,121.13,10/30/2017,124.42
10/31/2017,2575.26,10/31/2017,120.67,10/31/2017,124.46
11/1/2017,2579.36,11/1/2017,121.11,11/1/2017,124.75
11/2/2017,2579.85,11/2/2017,121.19,11/2/2017,125.3
11/3/2017,2587.84,11/3/2017,120.62,11/3/2017,125.64
11/6/2017,2591.13,11/6/2017,121.65,11/6/2017,126.11
11/7/2017,2590.64,11/7/2017,121.21,11/7/2017,126.64
11/8/2017,2594.38,11/8/2017,121.63,11/8/2017,126.36
11/9/2017,2584.62,11/9/2017,122.13,11/9/2017,126
11/10/2017,2582.3,11/10/2017,121.13,11/10/2017,124.1
11/13/2017,2584.84,11/13/2017,121.31,11/13/2017,124.36
11/14/2017,2578.87,11/14/2017,121.56,11/14/2017,125.2
11/15/2017,2564.62,11/15/2017,121.41,11/15/2017,126.56
11/16/2017,2585.64,11/16/2017,121.4,11/16/2017,125.46
11/17/2017,2578.85,11/17/2017,122.86,11/17/2017,126.39
11/20/2017,2582.14,11/20/2017,121.31,11/20/2017,126.34
11/21/2017,2599.03,11/21/2017,121.51,11/21/2017,126.74
11/22/2017,2597.08,11/22/2017,122.63,11/22/2017,127.15
11/24/2017,2602.42,11/24/2017,122.32,11/24/2017,126.8
11/27/2017,2601.42,11/27/2017,122.83,11/27/2017,126.62
11/28/2017,2627.04,11/28/2017,122.81,11/28/2017,126.79
11/29/2017,2626.07,11/29/2017,122.04,11/29/2017,125.54
11/30/2017,2647.58,11/30/2017,121.1,11/30/2017,125.12
12/1/2017,2642.22,12/1/2017,121.59,12/1/2017,126.55
12/4/2017,2639.44,12/4/2017,121.18,12/4/2017,126.61
12/5/2017,2629.57,12/5/2017,120.32,12/5/2017,127.24
12/6/2017,2629.27,12/6/2017,120.07,12/6/2017,127.68
12/7/2017,2636.98,12/7/2017,118.49,12/7/2017,126.68
12/8/2017,2651.5,12/8/2017,118.48,12/8/2017,126.69
12/11/2017,2659.99,12/11/2017,118.01,12/11/2017,126.43
12/12/2017,2664.11,12/12/2017,118.15,12/12/2017,126.38
12/13/2017,2662.85,12/13/2017,119.17,12/13/2017,127.33
12/14/2017,2652.01,12/14/2017,118.93,12/14/2017,127.87
12/15/2017,2675.81,12/15/2017,119.18,12/15/2017,128.35
12/18/2017,2690.16,12/18/2017,119.73,12/18/2017,127.18
12/19/2017,2681.47,12/19/2017,119.82,12/19/2017,125.53
12/20/2017,2679.25,12/20/2017,120.14,12/20/2017,124.14
12/21/2017,2684.57,12/21/2017,120.31,12/21/2017,124.6
12/22/2017,2683.34,12/22/2017,120.94,12/22/2017,124.77
12/26/2017,2680.5,12/26/2017,121.77,12/26/2017,125.14
12/27/2017,2682.62,12/27/2017,122.23,12/27/2017,126.77
12/28/2017,2687.54,12/28/2017,122.85,12/28/2017,126.66
12/29/2017,2673.61,12/29/2017,123.65,12/29/2017,126.86
1/2/2018,2695.81,1/2/2018,125.15,1/2/2018,125.49
1/3/2018,2713.06,1/3/2018,124.82,1/3/2018,126.09
1/4/2018,2723.99,1/4/2018,125.46,1/4/2018,126.07
1/5/2018,2743.15,1/5/2018,125.33,1/5/2018,125.71
1/8/2018,2747.71,1/8/2018,125.31,1/8/2018,125.63
1/9/2018,2751.29,1/9/2018,124.73,1/9/2018,123.95
1/10/2018,2748.23,1/10/2018,125.03,1/10/2018,123.8
1/11/2018,2767.56,1/11/2018,125.44,1/11/2018,124.31
1/12/2018,2786.24,1/12/2018,126.96,1/12/2018,124.52
1/16/2018,2776.42,1/16/2018,127.17,1/16/2018,125.04
1/17/2018,2802.56,1/17/2018,126.14,1/17/2018,124.87
1/18/2018,2798.03,1/18/2018,125.86,1/18/2018,123.71
1/19/2018,2810.3,1/19/2018,126.42,1/19/2018,123.06
1/22/2018,2832.97,1/22/2018,126.65,1/22/2018,123.18
1/23/2018,2839.13,1/23/2018,127.28,1/23/2018,123.71
1/24/2018,2837.54,1/24/2018,128.83,1/24/2018,123.04
1/25/2018,2839.25,1/25/2018,127.97,1/25/2018,124.05
1/26/2018,2872.87,1/26/2018,128.07,1/26/2018,123.59
1/29/2018,2853.53,1/29/2018,127.35,1/29/2018,122.73
1/30/2018,2822.43,1/30/2018,126.8,1/30/2018,122.01
1/31/2018,2823.81,1/31/2018,127.65,1/31/2018,122.73
2/1/2018,2821.98,2/1/2018,128.07,2/1/2018,120.7
2/2/2018,2762.13,2/2/2018,126.39,2/2/2018,119.58
2/5/2018,2648.94,2/5/2018,126.71,2/5/2018,120.71
2/6/2018,2695.14,2/6/2018,125.38,2/6/2018,119.96
2/7/2018,2681.66,2/7/2018,124.79,2/7/2018,118.82
2/8/2018,2581,2/8/2018,124.98,2/8/2018,118.69
2/9/2018,2619.55,2/9/2018,124.77,2/9/2018,117.94
2/12/2018,2656,2/12/2018,125.37,2/12/2018,118.46
2/13/2018,2662.94,2/13/2018,126.08,2/13/2018,118.99
2/14/2018,2698.63,2/14/2018,128.23,2/14/2018,117.67
2/15/2018,2731.2,2/15/2018,128.38,2/15/2018,118.07
2/16/2018,2732.22,2/16/2018,127.96,2/16/2018,118.71
2/20/2018,2716.26,2/20/2018,126.24,2/20/2018,118.19
2/21/2018,2701.33,2/21/2018,125.66,2/21/2018,116.74
2/22/2018,2703.96,2/22/2018,126.3,2/22/2018,117.09
2/23/2018,2747.3,2/23/2018,126.14,2/23/2018,118.13
2/26/2018,2779.6,2/26/2018,126.45,2/26/2018,118.17
2/27/2018,2744.28,2/27/2018,125.13,2/27/2018,118
2/28/2018,2713.83,2/28/2018,125,2/28/2018,118.75
3/1/2018,2677.67,3/1/2018,124.72,3/1/2018,119.32
3/2/2018,2691.25,3/2/2018,125.39,3/2/2018,118.35
3/5/2018,2720.94,3/5/2018,125.18,3/5/2018,118.03
3/6/2018,2728.12,3/6/2018,126.53,3/6/2018,118.14
3/7/2018,2726.8,3/7/2018,125.72,3/7/2018,118.01
3/8/2018,2738.97,3/8/2018,125.42,3/8/2018,118.69
3/9/2018,2786.57,3/9/2018,125.54,3/9/2018,117.91
3/12/2018,2783.02,3/12/2018,125.54,3/12/2018,118.59
3/13/2018,2765.31,3/13/2018,125.78,3/13/2018,119.19
3/14/2018,2749.48,3/14/2018,125.7,3/14/2018,120.24
3/15/2018,2747.33,3/15/2018,124.9,3/15/2018,120.24
3/16/2018,2752.01,3/16/2018,124.6,3/16/2018,119.81
3/19/2018,2712.92,3/19/2018,124.87,3/19/2018,119.43
3/20/2018,2716.94,3/20/2018,124.31,3/20/2018,118.95
3/21/2018,2711.93,3/21/2018,126.48,3/21/2018,119.08
3/22/2018,2643.69,3/22/2018,125.98,3/22/2018,120.26
3/23/2018,2588.26,3/23/2018,127.61,3/23/2018,120.17
3/26/2018,2658.55,3/26/2018,128.28,3/26/2018,119.71
3/27/2018,2612.62,3/27/2018,127.49,3/27/2018,120.99
3/28/2018,2605,3/28/2018,125.73,3/28/2018,121.31
3/29/2018,2640.87,3/29/2018,125.79,3/29/2018,121.9
4/2/2018,2581.88,4/2/2018,127.26,4/2/2018,121.88
4/3/2018,2614.45,4/3/2018,126.3,4/3/2018,120.94
4/4/2018,2644.69,4/4/2018,126.45,4/4/2018,120.69
4/5/2018,2662.84,4/5/2018,125.8,4/5/2018,119.79
4/6/2018,2604.47,4/6/2018,126.39,4/6/2018,121.1
4/9/2018,2613.16,4/9/2018,126.82,4/9/2018,121.3
4/10/2018,2656.87,4/10/2018,127.12,4/10/2018,121.08
4/11/2018,2642.19,4/11/2018,128.11,4/11/2018,121.51
4/12/2018,2663.99,4/12/2018,126.62,4/12/2018,120.62
4/13/2018,2656.3,4/13/2018,127.45,4/13/2018,120.9
4/16/2018,2677.84,4/16/2018,127.63,4/16/2018,120.94
4/17/2018,2706.39,4/17/2018,127.75,4/17/2018,120.94
4/18/2018,2708.64,4/18/2018,127.85,4/18/2018,120.3
4/19/2018,2693.13,4/19/2018,127.6,4/19/2018,119.32
4/20/2018,2670.14,4/20/2018,126.63,4/20/2018,118.46
4/23/2018,2670.29,4/23/2018,125.62,4/23/2018,118.49
4/24/2018,2634.56,4/24/2018,126.23,4/24/2018,117.95
4/25/2018,2639.4,4/25/2018,125.41,4/25/2018,117.16
4/26/2018,2666.94,4/26/2018,124.97,4/26/2018,117.98
4/27/2018,2669.91,4/27/2018,125.5,4/27/2018,118.89
4/30/2018,2648.05,4/30/2018,124.59,4/30/2018,119.1
5/1/2018,2654.8,5/1/2018,123.71,5/1/2018,118.41
5/2/2018,2635.67,5/2/2018,123.65,5/2/2018,118.28
5/3/2018,2629.73,5/3/2018,124.28,5/3/2018,118.81
5/4/2018,2663.42,5/4/2018,124.54,5/4/2018,118.99
5/7/2018,2672.63,5/7/2018,124.57,5/7/2018,118.8
5/8/2018,2671.92,5/8/2018,124.59,5/8/2018,118.69
5/9/2018,2697.79,5/9/2018,124.33,5/9/2018,117.98
5/10/2018,2723.07,5/10/2018,125.18,5/10/2018,118.93
5/11/2018,2727.72,5/11/2018,125,5/11/2018,119.23
5/14/2018,2730.13,5/14/2018,124.49,5/14/2018,118.6
5/15/2018,2711.45,5/15/2018,122.48,5/15/2018,117.25
5/16/2018,2722.46,5/16/2018,122.29,5/16/2018,116.8
5/17/2018,2720.13,5/17/2018,122.36,5/17/2018,116.21
5/18/2018,2712.97,5/18/2018,122.41,5/18/2018,117.21
5/21/2018,2733.01,5/21/2018,122.48,5/21/2018,117.27
5/22/2018,2724.44,5/22/2018,122.41,5/22/2018,117.09
5/23/2018,2733.29,5/23/2018,122.54,5/23/2018,117.94
5/24/2018,2727.76,5/24/2018,123.59,5/24/2018,118.88
5/25/2018,2721.33,5/25/2018,123.21,5/25/2018,119.62
5/29/2018,2689.86,5/29/2018,123.19,5/29/2018,122.24
5/30/2018,2724.01,5/30/2018,123.37,5/30/2018,121.42
5/31/2018,2705.27,5/31/2018,123.1,5/31/2018,121.22
6/1/2018,2734.62,6/1/2018,122.49,6/1/2018,120.3
6/4/2018,2746.87,6/4/2018,122.37,6/4/2018,119.43
6/5/2018,2748.8,6/5/2018,122.85,6/5/2018,119.71
6/6/2018,2772.35,6/6/2018,122.92,6/6/2018,118.74
6/7/2018,2770.37,6/7/2018,122.86,6/7/2018,119.89
6/8/2018,2779.03,6/8/2018,123.01,6/8/2018,119.53
6/11/2018,2782,6/11/2018,123.23,6/11/2018,119.31
6/12/2018,2786.85,6/12/2018,122.82,6/12/2018,119.34
6/13/2018,2775.63,6/13/2018,123.19,6/13/2018,119.28
6/14/2018,2782.49,6/14/2018,123.38,6/14/2018,120.27
6/15/2018,2779.66,6/15/2018,121.34,6/15/2018,120.38
6/18/2018,2773.75,6/18/2018,121.11,6/18/2018,120.27
6/19/2018,2762.59,6/19/2018,120.8,6/19/2018,120.97
6/20/2018,2767.32,6/20/2018,120.26,6/20/2018,119.91
6/21/2018,2749.76,6/21/2018,120.05,6/21/2018,120.54
6/22/2018,2754.88,6/22/2018,120.34,6/22/2018,120.53
6/25/2018,2717.07,6/25/2018,119.89,6/25/2018,120.8
6/26/2018,2723.06,6/26/2018,119.26,6/26/2018,120.97
6/27/2018,2699.63,6/27/2018,118.58,6/27/2018,122.11
6/28/2018,2716.31,6/28/2018,118.22,6/28/2018,122.14
6/29/2018,2718.37,6/29/2018,118.65,6/29/2018,121.72
7/2/2018,2726.71,7/2/2018,117.46,7/2/2018,121.35
7/3/2018,2713.22,7/3/2018,118.65,7/3/2018,122
7/5/2018,2736.61,7/5/2018,119.05,7/5/2018,122.35
7/6/2018,2759.82,7/6/2018,118.86,7/6/2018,122.75
7/9/2018,2784.17,7/9/2018,119.15,7/9/2018,121.96
7/10/2018,2793.84,7/10/2018,118.93,7/10/2018,121.95
7/11/2018,2774.02,7/11/2018,117.64,7/11/2018,122.42
7/12/2018,2798.29,7/12/2018,118.13,7/12/2018,122.41
7/13/2018,2801.31,7/13/2018,117.61,7/13/2018,122.72
7/16/2018,2798.43,7/16/2018,117.55,7/16/2018,122.21
7/17/2018,2809.55,7/17/2018,116.28,7/17/2018,121.98
7/18/2018,2815.62,7/18/2018,116.31,7/18/2018,121.49
7/19/2018,2804.49,7/19/2018,115.81,7/19/2018,122.26
7/20/2018,2801.83,7/20/2018,116.56,7/20/2018,120.76
7/23/2018,2806.98,7/23/2018,116,7/23/2018,119.27
7/24/2018,2820.4,7/24/2018,116.04,7/24/2018,119.68
7/25/2018,2846.07,7/25/2018,116.68,7/25/2018,119.49
7/26/2018,2837.44,7/26/2018,115.77,7/26/2018,119.26
7/27/2018,2818.82,7/27/2018,115.83,7/27/2018,119.46
7/30/2018,2802.6,7/30/2018,115.65,7/30/2018,119.05
7/31/2018,2816.29,7/31/2018,115.99,7/31/2018,119.7
8/1/2018,2813.36,8/1/2018,115.14,8/1/2018,118.46
8/2/2018,2827.22,8/2/2018,114.52,8/2/2018,118.63
8/3/2018,2840.35,8/3/2018,114.92,8/3/2018,119.22
8/6/2018,2850.4,8/6/2018,114.33,8/6/2018,119.29
8/7/2018,2858.45,8/7/2018,114.59,8/7/2018,118.67
8/8/2018,2857.7,8/8/2018,114.91,8/8/2018,118.79
8/9/2018,2853.58,8/9/2018,114.74,8/9/2018,119.79
8/10/2018,2833.28,8/10/2018,114.69,8/10/2018,120.66
8/13/2018,2821.93,8/13/2018,112.96,8/13/2018,120.41
8/14/2018,2839.96,8/14/2018,113.07,8/14/2018,120.14
8/15/2018,2818.37,8/15/2018,111.19,8/15/2018,120.84
8/16/2018,2840.69,8/16/2018,111.1,8/16/2018,120.83
8/17/2018,2850.13,8/17/2018,112.13,8/17/2018,120.98
8/20/2018,2857.05,8/20/2018,112.69,8/20/2018,121.79
8/21/2018,2862.96,8/21/2018,113.02,8/21/2018,121.38
8/22/2018,2861.82,8/22/2018,113.27,8/22/2018,121.86
8/23/2018,2856.98,8/23/2018,112.2,8/23/2018,122.05
8/24/2018,2874.69,8/24/2018,114.16,8/24/2018,122.29
8/27/2018,2896.74,8/27/2018,114.59,8/27/2018,121.59
8/28/2018,2897.52,8/28/2018,113.68,8/28/2018,120.86
8/29/2018,2914.04,8/29/2018,114.2,8/29/2018,121.02
8/30/2018,2901.13,8/30/2018,113.64,8/30/2018,121.28
8/31/2018,2901.52,8/31/2018,113.51,8/31/2018,121
9/4/2018,2896.72,9/4/2018,112.93,9/4/2018,120.03
9/5/2018,2888.6,9/5/2018,113.32,9/5/2018,119.71
9/6/2018,2878.05,9/6/2018,113.54,9/6/2018,120.15
9/7/2018,2871.68,9/7/2018,113.23,9/7/2018,119.13
9/10/2018,2877.13,9/10/2018,113.15,9/10/2018,119.57
9/11/2018,2887.89,9/11/2018,113.22,9/11/2018,118.66
9/12/2018,2888.92,9/12/2018,114.17,9/12/2018,118.94
9/13/2018,2904.18,9/13/2018,113.76,9/13/2018,119.12
9/14/2018,2904.98,9/14/2018,113.02,9/14/2018,118.55
9/17/2018,2888.8,9/17/2018,113.61,9/17/2018,118.55
9/18/2018,2904.31,9/18/2018,113.44,9/18/2018,117.31
9/19/2018,2907.95,9/19/2018,113.88,9/19/2018,116.61
9/20/2018,2930.75,9/20/2018,114.27,9/20/2018,117.15
9/21/2018,2929.67,9/21/2018,113.49,9/21/2018,117.1
9/24/2018,2919.37,9/24/2018,113.47,9/24/2018,116.8
9/25/2018,2915.56,9/25/2018,113.65,9/25/2018,116.68
9/26/2018,2905.97,9/26/2018,113.05,9/26/2018,117.5
9/27/2018,2914,9/27/2018,112.05,9/27/2018,117.58
9/28/2018,2913.98,9/28/2018,112.76,9/28/2018,117.27
10/1/2018,2924.59,10/1/2018,112.57,10/1/2018,116.15
10/2/2018,2923.43,10/2/2018,113.87,10/2/2018,116.86
10/3/2018,2925.51,10/3/2018,113.42,10/3/2018,114.83
10/4/2018,2901.61,10/4/2018,113.48,10/4/2018,114.02
10/5/2018,2885.57,10/5/2018,113.8,10/5/2018,113.04
10/8/2018,2884.43,10/8/2018,112.54,10/8/2018,112.66
10/9/2018,2880.34,10/9/2018,112.6,10/9/2018,113.8
10/10/2018,2785.68,10/10/2018,112.88,10/10/2018,113.49
10/11/2018,2728.37,10/11/2018,115.78,10/11/2018,114.87
10/12/2018,2767.13,10/12/2018,115.23,10/12/2018,114.47
10/15/2018,2750.79,10/15/2018,116,10/15/2018,114.42
10/16/2018,2809.92,10/16/2018,115.8,10/16/2018,114.68
10/17/2018,2809.21,10/17/2018,115.79,10/17/2018,114
10/18/2018,2768.78,10/18/2018,115.92,10/18/2018,113.96
10/19/2018,2767.78,10/19/2018,116.01,10/19/2018,113.71
10/22/2018,2755.88,10/22/2018,115.71,10/22/2018,113.56
10/23/2018,2740.69,10/23/2018,116.39,10/23/2018,113.92
10/24/2018,2656.1,10/24/2018,116.66,10/24/2018,114.78
10/25/2018,2705.57,10/25/2018,116.4,10/25/2018,114.3
10/26/2018,2658.69,10/26/2018,116.77,10/26/2018,114.99
10/29/2018,2641.25,10/29/2018,116.31,10/29/2018,114.73
10/30/2018,2682.63,10/30/2018,115.8,10/30/2018,114.16
10/31/2018,2711.74,10/31/2018,115.15,10/31/2018,113.58
11/1/2018,2740.37,11/1/2018,116.63,11/1/2018,113.41
11/2/2018,2723.06,11/2/2018,116.65,11/2/2018,112
11/5/2018,2738.31,11/5/2018,116.37,11/5/2018,112.44
11/6/2018,2755.45,11/6/2018,116.04,11/6/2018,112.37
11/7/2018,2813.89,11/7/2018,116.03,11/7/2018,112.52
11/8/2018,2806.83,11/8/2018,115.78,11/8/2018,112.51
11/9/2018,2781.01,11/9/2018,114.48,11/9/2018,113.35
11/12/2018,2726.22,11/12/2018,113.66,11/12/2018,114.09
11/13/2018,2722.18,11/13/2018,113.7,11/13/2018,114.02
11/14/2018,2701.58,11/14/2018,114.64,11/14/2018,114.09
11/15/2018,2730.2,11/15/2018,114.77,11/15/2018,114.04
11/16/2018,2736.27,11/16/2018,115.62,11/16/2018,114.7
11/19/2018,2690.73,11/19/2018,115.67,11/19/2018,115.02
11/20/2018,2641.89,11/20/2018,115.67,11/20/2018,115.06
11/21/2018,2649.93,11/21/2018,115.86,11/21/2018,115.02
11/23/2018,2632.56,11/23/2018,115.77,11/23/2018,115.14
11/26/2018,2673.45,11/26/2018,115.64,11/26/2018,114.88
11/27/2018,2682.17,11/27/2018,114.95,11/27/2018,115.01
11/28/2018,2743.79,11/28/2018,115.38,11/28/2018,114.45
11/29/2018,2737.76,11/29/2018,115.74,11/29/2018,114.9
11/30/2018,2760.17,11/30/2018,115.54,11/30/2018,115.33
12/3/2018,2790.37,12/3/2018,116.41,12/3/2018,115.88
12/4/2018,2700.06,12/4/2018,117.12,12/4/2018,117.82
12/6/2018,2695.95,12/6/2018,117.14,12/6/2018,118.19
12/7/2018,2633.08,12/7/2018,118.09,12/7/2018,118.41
12/10/2018,2637.72,12/10/2018,117.68,12/10/2018,118.9
12/11/2018,2636.78,12/11/2018,117.54,12/11/2018,118.88
12/12/2018,2651.07,12/12/2018,117.79,12/12/2018,118.35
12/13/2018,2650.54,12/13/2018,117.53,12/13/2018,118.07
12/14/2018,2599.95,12/14/2018,117.06,12/14/2018,118.48
12/17/2018,2545.94,12/17/2018,117.87,12/17/2018,119.17
12/18/2018,2546.16,12/18/2018,118.15,12/18/2018,119.6
12/19/2018,2506.96,12/19/2018,117.43,12/19/2018,121.18
12/20/2018,2467.42,12/20/2018,119.24,12/20/2018,120.74
12/21/2018,2416.62,12/21/2018,118.72,12/21/2018,120.72
12/24/2018,2351.1,12/24/2018,120.02,12/24/2018,121.32
12/26/2018,2467.7,12/26/2018,119.66,12/26/2018,120.02
12/27/2018,2488.83,12/27/2018,120.57,12/27/2018,120.04
12/28/2018,2485.74,12/28/2018,121.06,12/28/2018,121.05
12/31/2018,2506.85,12/31/2018,121.25,12/31/2018,121.51
1/2/2019,2510.03,1/2/2019,121.33,1/2/2019,122.15
1/3/2019,2447.89,1/3/2019,122.43,1/3/2019,123.54
1/4/2019,2531.94,1/4/2019,121.44,1/4/2019,122.11
1/7/2019,2549.69,1/7/2019,121.86,1/7/2019,121.75
1/8/2019,2574.41,1/8/2019,121.53,1/8/2019,121.43
1/9/2019,2584.96,1/9/2019,122.31,1/9/2019,121.24
1/10/2019,2596.64,1/10/2019,121.59,1/10/2019,120.46
1/11/2019,2596.26,1/11/2019,121.8,1/11/2019,120.93
1/14/2019,2582.61,1/14/2019,122.09,1/14/2019,120.48
1/15/2019,2610.3,1/15/2019,121.88,1/15/2019,120.04
1/16/2019,2616.1,1/16/2019,122.27,1/16/2019,120.16
1/17/2019,2635.96,1/17/2019,122.11,1/17/2019,120.19
1/18/2019,2670.71,1/18/2019,121.02,1/18/2019,119.56
1/22/2019,2632.9,1/22/2019,121.45,1/22/2019,120.37
1/23/2019,2638.7,1/23/2019,121.28,1/23/2019,120.32
1/24/2019,2642.33,1/24/2019,121.09,1/24/2019,121.11
1/25/2019,2664.76,1/25/2019,122.86,1/25/2019,120.53
1/28/2019,2643.85,1/28/2019,123.29,1/28/2019,120.41
1/29/2019,2640,1/29/2019,123.98,1/29/2019,121.02
1/30/2019,2681.05,1/30/2019,124.69,1/30/2019,120.93
1/31/2019,2704.1,1/31/2019,124.75,1/31/2019,121.97
2/1/2019,2706.53,2/1/2019,124.5,2/1/2019,120.96
2/4/2019,2724.87,2/4/2019,123.96,2/4/2019,120.42
2/5/2019,2737.7,2/5/2019,124.28,2/5/2019,120.97
2/6/2019,2731.61,2/6/2019,123.44,2/6/2019,121.03
2/7/2019,2706.05,2/7/2019,123.74,2/7/2019,121.83
2/8/2019,2707.88,2/8/2019,124.21,2/8/2019,122.35
2/11/2019,2709.8,2/11/2019,123.6,2/11/2019,121.87
2/12/2019,2744.73,2/12/2019,123.86,2/12/2019,121.56
2/13/2019,2753.03,2/13/2019,123.37,2/13/2019,121.1
2/14/2019,2745.73,2/14/2019,124.06,2/14/2019,121.79
2/15/2019,2775.6,2/15/2019,124.8,2/15/2019,121.98
2/19/2019,2779.76,2/19/2019,126.7,2/19/2019,122.29
2/20/2019,2784.7,2/20/2019,126.48,2/20/2019,121.94
2/21/2019,2774.88,2/21/2019,125.05,2/21/2019,120.85
2/22/2019,2792.67,2/22/2019,125.5,2/22/2019,121.57
2/25/2019,2796.11,2/25/2019,125.37,2/25/2019,121.21
2/26/2019,2793.9,2/26/2019,125.58,2/26/2019,121.81
2/27/2019,2792.38,2/27/2019,124.69,2/27/2019,120.43
2/28/2019,2784.49,2/28/2019,123.99,2/28/2019,120.02
3/1/2019,2803.69,3/1/2019,121.88,3/1/2019,118.66
3/4/2019,2792.81,3/4/2019,121.56,3/4/2019,119.59
3/5/2019,2789.65,3/5/2019,121.72,3/5/2019,119.84
3/6/2019,2771.45,3/6/2019,121.61,3/6/2019,120.28
3/7/2019,2748.93,3/7/2019,121.51,3/7/2019,121.06
3/8/2019,2743.07,3/8/2019,122.84,3/8/2019,121.57
3/11/2019,2783.3,3/11/2019,122.24,3/11/2019,121.21
3/12/2019,2791.52,3/12/2019,122.98,3/12/2019,122.06
3/13/2019,2810.92,3/13/2019,123.84,3/13/2019,121.83
3/14/2019,2808.48,3/14/2019,122.41,3/14/2019,120.95
3/15/2019,2822.48,3/15/2019,122.97,3/15/2019,121.75
3/18/2019,2832.94,3/18/2019,123.04,3/18/2019,121.68
3/19/2019,2832.57,3/19/2019,123.38,3/19/2019,121.41
3/20/2019,2824.23,3/20/2019,124.18,3/20/2019,122.68
3/21/2019,2854.88,3/21/2019,123.68,3/21/2019,122.95
3/22/2019,2800.71,3/22/2019,123.97,3/22/2019,124.86
3/25/2019,2798.36,3/25/2019,124.92,3/25/2019,125.06
3/26/2019,2818.46,3/26/2019,124.3,3/26/2019,124.97
3/27/2019,2805.37,3/27/2019,123.65,3/27/2019,126.12
3/28/2019,2815.44,3/28/2019,121.9,3/28/2019,126.56
3/29/2019,2834.4,3/29/2019,122.01,3/29/2019,126.44
4/1/2019,2867.19,4/1/2019,121.53,4/1/2019,124.37
4/2/2019,2867.24,4/2/2019,121.98,4/2/2019,124.6
4/3/2019,2873.4,4/3/2019,121.8,4/3/2019,123.52
4/4/2019,2879.39,4/4/2019,122.11,4/4/2019,123.87
4/5/2019,2892.74,4/5/2019,121.98,4/5/2019,124.03
4/8/2019,2895.77,4/8/2019,122.51,4/8/2019,123.59
4/9/2019,2878.2,4/9/2019,123.15,4/9/2019,123.98
4/10/2019,2888.21,4/10/2019,123.53,4/10/2019,124.28
4/11/2019,2888.32,4/11/2019,121.95,4/11/2019,123.55
4/12/2019,2907.41,4/12/2019,121.83,4/12/2019,122.67
4/15/2019,2905.58,4/15/2019,121.6,4/15/2019,122.98
4/16/2019,2907.06,4/16/2019,120.51,4/16/2019,122.21
4/17/2019,2900.45,4/17/2019,120.28,4/17/2019,122.26
4/18/2019,2905.03,4/18/2019,120.37,4/18/2019,122.9
4/22/2019,2907.97,4/22/2019,120.37,4/22/2019,122.31
4/23/2019,2933.68,4/23/2019,120.12,4/23/2019,122.57
4/24/2019,2927.25,4/24/2019,120.47,4/24/2019,123.57
4/25/2019,2926.17,4/25/2019,120.57,4/25/2019,123.39
4/26/2019,2939.88,4/26/2019,121.37,4/26/2019,123.81
4/29/2019,2943.03,4/29/2019,120.83,4/29/2019,123.02
4/30/2019,2945.83,4/30/2019,121.2,4/30/2019,123.65
5/1/2019,2923.73,5/1/2019,120.4,5/1/2019,123.9
5/2/2019,2917.52,5/2/2019,119.94,5/2/2019,123.31
5/3/2019,2945.64,5/3/2019,120.65,5/3/2019,123.66
5/6/2019,2932.47,5/6/2019,120.81,5/6/2019,124
5/7/2019,2884.05,5/7/2019,121.21,5/7/2019,124.95
5/8/2019,2879.42,5/8/2019,120.91,5/8/2019,124.41
5/9/2019,2870.72,5/9/2019,121.2,5/9/2019,124.92
5/10/2019,2881.4,5/10/2019,121.43,5/10/2019,124.75
5/13/2019,2811.87,5/13/2019,122.67,5/13/2019,125.73
5/14/2019,2834.41,5/14/2019,122.46,5/14/2019,125.36
5/15/2019,2850.96,5/15/2019,122.39,5/15/2019,126.13
5/16/2019,2876.32,5/16/2019,121.51,5/16/2019,125.71
5/17/2019,2859.53,5/17/2019,120.65,5/17/2019,125.99
5/20/2019,2840.23,5/20/2019,120.64,5/20/2019,125.73
5/21/2019,2864.36,5/21/2019,120.36,5/21/2019,125.53
5/22/2019,2856.27,5/22/2019,120.24,5/22/2019,126.25
5/23/2019,2822.24,5/23/2019,121.17,5/23/2019,127.67
5/24/2019,2826.06,5/24/2019,121.3,5/24/2019,127.78
5/28/2019,2802.39,5/28/2019,120.83,5/28/2019,128.79
5/29/2019,2783.02,5/29/2019,120.87,5/29/2019,129.09
5/30/2019,2788.86,5/30/2019,121.69,5/30/2019,130.2
5/31/2019,2752.06,5/31/2019,123.33,5/31/2019,131.83
6/3/2019,2744.45,6/3/2019,125.11,6/3/2019,132.44
6/4/2019,2803.27,6/4/2019,125.15,6/4/2019,130.93
6/5/2019,2826.15,6/5/2019,125.47,6/5/2019,130.19
6/6/2019,2843.49,6/6/2019,125.88,6/6/2019,130.61
6/7/2019,2873.34,6/7/2019,126.59,6/7/2019,131.74
6/10/2019,2886.73,6/10/2019,125.33,6/10/2019,130.5
6/11/2019,2885.72,6/11/2019,125.18,6/11/2019,130.58
6/12/2019,2879.84,6/12/2019,125.83,6/12/2019,130.68
6/13/2019,2891.64,6/13/2019,126.6,6/13/2019,131.13
6/14/2019,2886.98,6/14/2019,126.56,6/14/2019,131.46
6/17/2019,2889.67,6/17/2019,126.48,6/17/2019,131.69
6/18/2019,2917.75,6/18/2019,127.12,6/18/2019,132.35
6/19/2019,2926.46,6/19/2019,127.89,6/19/2019,132.54
6/20/2019,2954.18,6/20/2019,131.11,6/20/2019,132.89
6/21/2019,2950.46,6/21/2019,131.98,6/21/2019,131.43
6/24/2019,2945.35,6/24/2019,133.94,6/24/2019,132.41
6/25/2019,2917.38,6/25/2019,134.2,6/25/2019,132.82
6/26/2019,2913.78,6/26/2019,132.97,6/26/2019,131.97
6/27/2019,2924.92,6/27/2019,132.84,6/27/2019,132.9
6/28/2019,2941.76,6/28/2019,133.2,6/28/2019,132.81
7/1/2019,2964.33,7/1/2019,130.62,7/1/2019,132.24
7/2/2019,2973.01,7/2/2019,133.41,7/2/2019,133.26
7/3/2019,2995.82,7/3/2019,133.63,7/3/2019,134.21
7/5/2019,2990.41,7/5/2019,132.14,7/5/2019,132.43
7/8/2019,2975.95,7/8/2019,131.29,7/8/2019,132.61
7/9/2019,2979.63,7/9/2019,131.75,7/9/2019,132.56
7/10/2019,2993.07,7/10/2019,133.83,7/10/2019,131.83
7/11/2019,2999.91,7/11/2019,132.7,7/11/2019,130.07
7/12/2019,3013.77,7/12/2019,133.53,7/12/2019,130.22
7/15/2019,3014.3,7/15/2019,133.53,7/15/2019,130.97
7/16/2019,3004.04,7/16/2019,132.4,7/16/2019,130.58
7/17/2019,2984.42,7/17/2019,134.58,7/17/2019,131.99
7/18/2019,2995.11,7/18/2019,136.48,7/18/2019,132
7/19/2019,2976.61,7/19/2019,134.47,7/19/2019,131.69
7/22/2019,2985.03,7/22/2019,134.45,7/22/2019,131.94
7/23/2019,3005.47,7/23/2019,133.69,7/23/2019,131.22
7/24/2019,3019.56,7/24/2019,134.37,7/24/2019,131.79
7/25/2019,3003.67,7/25/2019,133.42,7/25/2019,131.16
7/26/2019,3025.86,7/26/2019,133.64,7/26/2019,131.47
7/29/2019,3020.97,7/29/2019,134.53,7/29/2019,131.51
7/30/2019,3013.18,7/30/2019,134.98,7/30/2019,131.83
7/31/2019,2980.38,7/31/2019,133.21,7/31/2019,132.89
8/1/2019,2953.56,8/1/2019,136.41,8/1/2019,135.26
8/2/2019,2932.05,8/2/2019,135.89,8/2/2019,136.51
8/5/2019,2844.74,8/5/2019,137.79,8/5/2019,138.87
8/6/2019,2881.77,8/6/2019,138.91,8/6/2019,139.98
8/7/2019,2883.98,8/7/2019,141.02,8/7/2019,140.03
8/8/2019,2938.09,8/8/2019,141.73,8/8/2019,140.33
8/9/2019,2918.65,8/9/2019,141.26,8/9/2019,140.05
8/12/2019,2883.09,8/12/2019,142.63,8/12/2019,142.97
8/13/2019,2926.32,8/13/2019,141.78,8/13/2019,142.48
8/14/2019,2840.6,8/14/2019,142.75,8/14/2019,145.69
8/15/2019,2847.6,8/15/2019,143.7,8/15/2019,147.31
8/16/2019,2888.68,8/16/2019,142.78,8/16/2019,146.13
8/19/2019,2923.65,8/19/2019,141.11,8/19/2019,144.04
8/20/2019,2900.51,8/20/2019,142.21,8/20/2019,145.53
8/21/2019,2924.43,8/21/2019,141.76,8/21/2019,144.56
8/22/2019,2922.95,8/22/2019,141.4,8/22/2019,143.6
8/23/2019,2847.11,8/23/2019,144.17,8/23/2019,145.96
8/26/2019,2878.38,8/26/2019,144.19,8/26/2019,145.37
8/27/2019,2869.16,8/27/2019,145.57,8/27/2019,147.61
8/28/2019,2887.94,8/28/2019,145.16,8/28/2019,147.8
8/29/2019,2924.58,8/29/2019,144.12,8/29/2019,147.24
8/30/2019,2926.46,8/30/2019,143.75,8/30/2019,147.28
9/3/2019,2906.27,9/3/2019,145.75,9/3/2019,147.21
9/4/2019,2937.78,9/4/2019,146.66,9/4/2019,147.43
9/5/2019,2976,9/5/2019,143.14,9/5/2019,144.76
9/6/2019,2978.71,9/6/2019,141.92,9/6/2019,145.79
9/9/2019,2978.43,9/9/2019,141.39,9/9/2019,143.2
9/10/2019,2979.39,9/10/2019,140.18,9/10/2019,140.69
9/11/2019,3000.93,9/11/2019,141.03,9/11/2019,140.44
9/12/2019,3009.57,9/12/2019,141.32,9/12/2019,139.52
9/13/2019,3007.39,9/13/2019,140.15,9/13/2019,136.54
9/16/2019,2997.96,9/16/2019,141.32,9/16/2019,138.28
9/17/2019,3005.7,9/17/2019,141.6,9/17/2019,139.03
9/18/2019,3006.73,9/18/2019,140.71,9/18/2019,139.62
9/19/2019,3006.79,9/19/2019,141.28,9/19/2019,140.04
9/20/2019,2992.07,9/20/2019,142.95,9/20/2019,141.89
9/23/2019,2991.78,9/23/2019,143.75,9/23/2019,141.86
9/24/2019,2966.6,9/24/2019,144.51,9/24/2019,143.57
9/25/2019,2984.87,9/25/2019,141.83,9/25/2019,141.47
9/26/2019,2977.62,9/26/2019,141.79,9/26/2019,142.38
9/27/2019,2961.79,9/27/2019,141.06,9/27/2019,142.73
9/30/2019,2976.74,9/30/2019,138.87,9/30/2019,143.08
10/1/2019,2940.25,10/1/2019,139.63,10/1/2019,143.26
10/2/2019,2887.61,10/2/2019,141.26,10/2/2019,143.61
10/3/2019,2910.63,10/3/2019,141.9,10/3/2019,144.92
10/4/2019,2952.01,10/4/2019,141.9,10/4/2019,145.99
10/7/2019,2938.79,10/7/2019,140.69,10/7/2019,144.78
10/8/2019,2893.06,10/8/2019,141.92,10/8/2019,145.17
10/9/2019,2919.4,10/9/2019,142.05,10/9/2019,144.35
10/10/2019,2938.13,10/10/2019,140.81,10/10/2019,142.2
10/11/2019,2970.27,10/11/2019,140.03,10/11/2019,140.44
10/14/2019,2966.15,10/14/2019,140.59,10/14/2019,141.46
10/15/2019,2995.68,10/15/2019,139.61,10/15/2019,139.75
10/16/2019,2989.69,10/16/2019,140.41,10/16/2019,139.92
10/17/2019,2997.95,10/17/2019,140.61,10/17/2019,139.58
10/18/2019,2986.2,10/18/2019,140.46,10/18/2019,139.58
10/21/2019,3006.72,10/21/2019,139.79,10/21/2019,138.53
10/22/2019,2995.99,10/22/2019,140.2,10/22/2019,139.34
10/23/2019,3004.52,10/23/2019,140.53,10/23/2019,139.48
10/24/2019,3010.29,10/24/2019,141.53,10/24/2019,139.2
10/25/2019,3022.55,10/25/2019,141.86,10/25/2019,138.52
10/28/2019,3039.42,10/28/2019,140.64,10/28/2019,137.26
10/29/2019,3036.89,10/29/2019,140.25,10/29/2019,137.35
10/30/2019,3046.77,10/30/2019,141.02,10/30/2019,139.36
10/31/2019,3037.56,10/31/2019,142.43,10/31/2019,141.24
11/1/2019,3066.91,11/1/2019,142.56,11/1/2019,140.56
11/4/2019,3078.27,11/4/2019,142.15,11/4/2019,138.71
11/5/2019,3074.62,11/5/2019,139.85,11/5/2019,137.15
11/6/2019,3076.78,11/6/2019,140.45,11/6/2019,137.98
11/7/2019,3085.18,11/7/2019,138.27,11/7/2019,135.48
11/8/2019,3093.08,11/8/2019,137.39,11/8/2019,134.91
11/11/2019,3087.01,11/11/2019,137.06,11/11/2019,135
11/12/2019,3091.84,11/12/2019,137.43,11/12/2019,135.62
11/13/2019,3094.04,11/13/2019,137.98,11/13/2019,136.5
11/14/2019,3096.63,11/14/2019,138.56,11/14/2019,137.91
11/15/2019,3120.46,11/15/2019,138.21,11/15/2019,137.76
11/18/2019,3122.03,11/18/2019,138.62,11/18/2019,138.01
11/19/2019,3120.18,11/19/2019,138.69,11/19/2019,139.16
11/20/2019,3108.46,11/20/2019,138.76,11/20/2019,140.6
11/21/2019,3103.54,11/21/2019,138,11/21/2019,139.72
11/22/2019,3110.29,11/22/2019,137.74,11/22/2019,139.9
11/25/2019,3133.64,11/25/2019,137.08,11/25/2019,140.31
11/26/2019,3140.52,11/26/2019,137.74,11/26/2019,141.13
11/27/2019,3153.63,11/27/2019,137.01,11/27/2019,140.72
11/29/2019,3140.98,11/29/2019,137.86,11/29/2019,140.42
12/2/2019,3113.87,12/2/2019,137.79,12/2/2019,138.31
12/3/2019,3093.2,12/3/2019,139.11,12/3/2019,141.21
12/4/2019,3112.76,12/4/2019,138.92,12/4/2019,139.8
12/5/2019,3117.43,12/5/2019,139,12/5/2019,139.12
12/6/2019,3145.91,12/6/2019,137.62,12/6/2019,138.35
12/9/2019,3135.96,12/9/2019,137.58,12/9/2019,138.65
12/10/2019,3132.52,12/10/2019,137.97,12/10/2019,138.66
12/11/2019,3141.63,12/11/2019,138.92,12/11/2019,139.75
12/12/2019,3168.57,12/12/2019,138.43,12/12/2019,137.45
12/13/2019,3168.8,12/13/2019,139.05,12/13/2019,139.04
12/16/2019,3191.45,12/16/2019,139.04,12/16/2019,137.79
12/17/2019,3192.52,12/17/2019,139.01,12/17/2019,137.6
12/18/2019,3191.14,12/18/2019,139.02,12/18/2019,136.47
12/19/2019,3205.37,12/19/2019,139.38,12/19/2019,136.47
12/20/2019,3221.22,12/20/2019,139.52,12/20/2019,136.65
12/23/2019,3224.01,12/23/2019,139.95,12/23/2019,136.45
12/24/2019,3223.38,12/24/2019,141.27,12/24/2019,136.84
12/26/2019,3239.91,12/26/2019,142.38,12/26/2019,137.17
12/27/2019,3240.02,12/27/2019,142.33,12/27/2019,137.32
12/30/2019,3221.29,12/30/2019,142.63,12/30/2019,136.82
12/31/2019,3230.78,12/31/2019,142.9,12/31/2019,135.48
1/2/2020,3257.85,1/2/2020,143.95,1/2/2020,137.01
1/3/2020,3234.85,1/3/2020,145.86,1/3/2020,139.12
1/6/2020,3246.28,1/6/2020,147.39,1/6/2020,138.33
1/7/2020,3237.18,1/7/2020,147.97,1/7/2020,137.65
1/8/2020,3253.05,1/8/2020,146.86,1/8/2020,136.74
1/9/2020,3274.7,1/9/2020,146.03,1/9/2020,137.22
1/10/2020,3265.35,1/10/2020,146.91,1/10/2020,138.44
1/13/2020,3288.13,1/13/2020,145.82,1/13/2020,138.02
1/14/2020,3283.15,1/14/2020,145.69,1/14/2020,138.73
1/15/2020,3289.29,1/15/2020,146.54,1/15/2020,139.65
1/16/2020,3316.81,1/16/2020,146.31,1/16/2020,139.21
1/17/2020,3329.62,1/17/2020,146.58,1/17/2020,138.02
1/21/2020,3320.79,1/21/2020,146.74,1/21/2020,139.47
1/22/2020,3321.75,1/22/2020,146.79,1/22/2020,139.96
1/23/2020,3325.54,1/23/2020,147.12,1/23/2020,140.94
1/24/2020,3295.47,1/24/2020,147.98,1/24/2020,142.08
1/27/2020,3243.63,1/27/2020,148.99,1/27/2020,144.29
1/28/2020,3276.24,1/28/2020,147.66,1/28/2020,143.16
1/29/2020,3273.4,1/29/2020,148.46,1/29/2020,144.56
1/30/2020,3283.66,1/30/2020,148.47,1/30/2020,144.58
1/31/2020,3225.52,1/31/2020,149.33,1/31/2020,145.9
2/3/2020,3248.92,2/3/2020,148.36,2/3/2020,145.54
2/4/2020,3297.59,2/4/2020,146.43,2/4/2020,143.58
2/5/2020,3334.69,2/5/2020,146.61,2/5/2020,142.01
2/6/2020,3345.78,2/6/2020,147.4,2/6/2020,142.65
2/7/2020,3327.71,2/7/2020,147.79,2/7/2020,144.43
2/10/2020,3352.09,2/10/2020,148.17,2/10/2020,144.83
2/11/2020,3357.75,2/11/2020,147.66,2/11/2020,144.1
2/12/2020,3379.45,2/12/2020,147.54,2/12/2020,143.37
2/13/2020,3373.94,2/13/2020,148.38,2/13/2020,143.92
2/14/2020,3380.16,2/14/2020,149,2/14/2020,144.55
2/18/2020,3370.29,2/18/2020,150.91,2/18/2020,145.54
2/19/2020,3386.15,2/19/2020,151.79,2/19/2020,145.53
2/20/2020,3373.23,2/20/2020,152.41,2/20/2020,146.67
2/21/2020,3337.75,2/21/2020,154.7,2/21/2020,148.04
2/24/2020,3225.89,2/24/2020,156.09,2/24/2020,150.25
2/25/2020,3128.21,2/25/2020,153.3,2/25/2020,151.05
2/26/2020,3116.39,2/26/2020,153.97,2/26/2020,150.25
2/27/2020,2978.76,2/27/2020,154,2/27/2020,151.88
2/28/2020,2954.22,2/28/2020,148.38,2/28/2020,155.31
3/2/2020,3090.23,3/2/2020,149.2,3/2/2020,153.94
3/3/2020,3003.37,3/3/2020,153.89,3/3/2020,156.33
3/4/2020,3130.12,3/4/2020,154.16,3/4/2020,154.67
3/5/2020,3023.94,3/5/2020,157.49,3/5/2020,158.52
3/6/2020,2972.37,3/6/2020,157.55,3/6/2020,166.77
3/9/2020,2746.56,3/9/2020,157.81,3/9/2020,171.29
3/10/2020,2882.23,3/10/2020,154.48,3/10/2020,162.51
3/11/2020,2741.38,3/11/2020,153.93,3/11/2020,156.53
3/12/2020,2480.64,3/12/2020,147.79,3/12/2020,157.5
3/13/2020,2711.02,3/13/2020,143.28,3/13/2020,153.94
3/16/2020,2386.13,3/16/2020,141.64,3/16/2020,163.91
3/17/2020,2529.19,3/17/2020,143.56,3/17/2020,152.98
3/18/2020,2398.1,3/18/2020,140.7,3/18/2020,144.35
3/19/2020,2409.39,3/19/2020,138.04,3/19/2020,148.28
3/20/2020,2304.92,3/20/2020,140.11,3/20/2020,159.43
3/23/2020,2237.4,3/23/2020,146.3,3/23/2020,166
3/24/2020,2447.33,3/24/2020,153.4,3/24/2020,162.91
3/25/2020,2475.56,3/25/2020,151.3,3/25/2020,162.54
3/26/2020,2630.07,3/26/2020,153.24,3/26/2020,163.34
3/27/2020,2541.47,3/27/2020,152.25,3/27/2020,167.7
3/30/2020,2626.65,3/30/2020,152.92,3/30/2020,166.32
3/31/2020,2584.59,3/31/2020,148.05,3/31/2020,164.97
4/1/2020,2470.5,4/1/2020,149.45,4/1/2020,167.04
4/2/2020,2526.9,4/2/2020,151.9,4/2/2020,168.1
4/3/2020,2488.65,4/3/2020,152.65,4/3/2020,168.5
4/6/2020,2663.68,4/6/2020,156.88,4/6/2020,168.06
4/7/2020,2659.41,4/7/2020,156.04,4/7/2020,166.3
4/8/2020,2749.98,4/8/2020,154.65,4/8/2020,165.09
4/9/2020,2789.82,4/9/2020,158.69,4/9/2020,165.39
4/13/2020,2761.63,4/13/2020,161.41,4/13/2020,163.88
4/14/2020,2846.06,4/14/2020,162.68,4/14/2020,163.84
4/15/2020,2783.36,4/15/2020,161.85,4/15/2020,168.18
4/16/2020,2799.55,4/16/2020,161.71,4/16/2020,170.09
4/17/2020,2874.56,4/17/2020,158.57,4/17/2020,167.81
4/20/2020,2823.16,4/20/2020,159.7,4/20/2020,169.16
4/21/2020,2736.56,4/21/2020,158.61,4/21/2020,171.29
4/22/2020,2799.31,4/22/2020,161.73,4/22/2020,169.54
4/23/2020,2797.8,4/23/2020,163.34,4/23/2020,170.44
4/24/2020,2836.74,4/24/2020,162.64,4/24/2020,170.84
4/27/2020,2878.48,4/27/2020,161.56,4/27/2020,167.66
4/28/2020,2863.39,4/28/2020,160.84,4/28/2020,169.59
4/29/2020,2939.51,4/29/2020,161.73,4/29/2020,168.71
4/30/2020,2912.43,4/30/2020,158.8,4/30/2020,166.74
5/1/2020,2830.71,5/1/2020,159.78,5/1/2020,167.95
5/4/2020,2842.74,5/4/2020,160.34,5/4/2020,167.16
5/5/2020,2868.44,5/5/2020,161.02,5/5/2020,166.09
5/6/2020,2848.42,5/6/2020,158.95,5/6/2020,163.41
5/7/2020,2881.19,5/7/2020,161.39,5/7/2020,166.14
5/8/2020,2929.8,5/8/2020,160.42,5/8/2020,163.98
5/11/2020,2930.32,5/11/2020,159.42,5/11/2020,162.7
5/12/2020,2870.12,5/12/2020,160.04,5/12/2020,164.37
5/13/2020,2820,5/13/2020,161.58,5/13/2020,165.52
5/14/2020,2852.5,5/14/2020,163.01,5/14/2020,167.14
5/15/2020,2863.7,5/15/2020,163.93,5/15/2020,166.71
5/18/2020,2953.91,5/18/2020,162.69,5/18/2020,163.05
5/19/2020,2922.94,5/19/2020,164.26,5/19/2020,163.66
5/20/2020,2971.61,5/20/2020,164.65,5/20/2020,164.15
5/21/2020,2948.51,5/21/2020,162.25,5/21/2020,164.56
5/22/2020,2955.45,5/22/2020,163.21,5/22/2020,165.55
5/26/2020,2991.77,5/26/2020,160.89,5/26/2020,163.33
5/27/2020,3036.13,5/27/2020,161.18,5/27/2020,163.03
5/28/2020,3029.73,5/28/2020,161.72,5/28/2020,162.43
5/29/2020,3044.31,5/29/2020,162.91,5/29/2020,163.59
6/1/2020,3055.73,6/1/2020,163.66,6/1/2020,162.28
6/2/2020,3080.82,6/2/2020,162.6,6/2/2020,161.69
6/3/2020,3122.87,6/3/2020,159.6,6/3/2020,159.54
6/4/2020,3112.35,6/4/2020,161.28,6/4/2020,157.23
6/5/2020,3193.93,6/5/2020,158.01,6/5/2020,156.11
6/8/2020,3232.39,6/8/2020,159.72,6/8/2020,156.71
6/9/2020,3207.18,6/9/2020,161.26,6/9/2020,158.49
6/10/2020,3190.14,6/10/2020,163.57,6/10/2020,160.84
6/11/2020,3002.1,6/11/2020,162.39,6/11/2020,163.88
6/12/2020,3041.31,6/12/2020,162.62,6/12/2020,162.3
6/15/2020,3066.59,6/15/2020,162.33,6/15/2020,162.39
6/16/2020,3124.74,6/16/2020,162.25,6/16/2020,159.9
6/17/2020,3113.49,6/17/2020,162.56,6/17/2020,160.56
6/18/2020,3115.34,6/18/2020,162.24,6/18/2020,162.26
6/19/2020,3097.74,6/19/2020,164.03,6/19/2020,162.39
6/22/2020,3117.86,6/22/2020,165.09,6/22/2020,162.41
6/23/2020,3131.29,6/23/2020,166.48,6/23/2020,161.3
6/24/2020,3050.33,6/24/2020,165.9,6/24/2020,163.03
6/25/2020,3083.76,6/25/2020,165.8,6/25/2020,163.5
6/26/2020,3009.05,6/26/2020,166.54,6/26/2020,165.25
6/29/2020,3053.24,6/29/2020,166.63,6/29/2020,164.73
6/30/2020,3100.29,6/30/2020,167.37,6/30/2020,163.93
7/1/2020,3115.86,7/1/2020,166.62,7/1/2020,163.42
7/2/2020,3130.01,7/2/2020,166.98,7/2/2020,163.59
7/6/2020,3179.72,7/6/2020,167.98,7/6/2020,162.92
7/7/2020,3145.32,7/7/2020,169.04,7/7/2020,165.21
7/8/2020,3169.94,7/8/2020,170.09,7/8/2020,164.55
7/9/2020,3152.05,7/9/2020,169.63,7/9/2020,167.17
7/10/2020,3185.04,7/10/2020,169.19,7/10/2020,166.33
7/13/2020,3155.22,7/13/2020,169.4,7/13/2020,166.88
7/14/2020,3197.52,7/14/2020,170.19,7/14/2020,167.12
7/15/2020,3226.56,7/15/2020,170.34,7/15/2020,166.34
7/16/2020,3215.57,7/16/2020,168.73,7/16/2020,167.13
7/17/2020,3224.73,7/17/2020,170.12,7/17/2020,166.78
7/20/2020,3251.84,7/20/2020,170.94,7/20/2020,167.19
7/21/2020,3257.3,7/21/2020,173,7/21/2020,167.29
7/22/2020,3276.02,7/22/2020,175.63,7/22/2020,167.79
7/23/2020,3235.66,7/23/2020,177.18,7/23/2020,169.75
7/24/2020,3215.63,7/24/2020,178.7,7/24/2020,169.74
7/27/2020,3239.41,7/27/2020,182.23,7/27/2020,169.11
7/28/2020,3218.44,7/28/2020,183.75,7/28/2020,170.28
7/29/2020,3258.44,7/29/2020,185.13,7/29/2020,169.99
7/30/2020,3246.22,7/30/2020,183.76,7/30/2020,171.11
7/31/2020,3271.12,7/31/2020,185.43,7/31/2020,171
8/3/2020,3294.61,8/3/2020,185.64,8/3/2020,169.95
8/4/2020,3306.51,8/4/2020,189.59,8/4/2020,171.57
8/5/2020,3327.77,8/5/2020,191.35,8/5/2020,170.07
8/6/2020,3349.16,8/6/2020,193.89,8/6/2020,171.02
8/7/2020,3351.28,8/7/2020,190.81,8/7/2020,169.88
8/10/2020,3360.47,8/10/2020,190.15,8/10/2020,169.12
8/11/2020,3333.69,8/11/2020,179.94,8/11/2020,167.11
8/12/2020,3380.35,8/12/2020,179.1,8/12/2020,165.59
8/13/2020,3373.43,8/13/2020,183.33,8/13/2020,163.82
8/14/2020,3372.85,8/14/2020,182.54,8/14/2020,163.18
8/17/2020,3381.99,8/17/2020,186.5,8/17/2020,163.59
8/18/2020,3389.78,8/18/2020,188.18,8/18/2020,164.76
8/19/2020,3374.85,8/19/2020,182.24,8/19/2020,163.73
8/20/2020,3385.51,8/20/2020,183.5,8/20/2020,165.21
8/21/2020,3397.16,8/21/2020,182.03,8/21/2020,166.2
8/24/2020,3431.28,8/24/2020,181,8/24/2020,165.93
8/25/2020,3443.62,8/25/2020,181.22,8/25/2020,164.66
8/26/2020,3478.73,8/26/2020,183.36,8/26/2020,164.03
8/27/2020,3484.55,8/27/2020,181.24,8/27/2020,161.24
8/28/2020,3508.01,8/28/2020,184.39,8/28/2020,161.12
8/31/2020,3500.31,8/31/2020,184.83,8/31/2020,162.19
9/1/2020,3526.65,9/1/2020,185.05,9/1/2020,163.86
9/2/2020,3580.84,9/2/2020,182.62,9/2/2020,165.42
9/3/2020,3455.06,9/3/2020,181.14,9/3/2020,165.89
9/4/2020,3426.96,9/4/2020,181.64,9/4/2020,162.74
9/8/2020,3331.84,9/8/2020,181.29,9/8/2020,163.74
9/9/2020,3398.96,9/9/2020,183.05,9/9/2020,163.3
9/10/2020,3339.19,9/10/2020,182.46,9/10/2020,164.13
9/11/2020,3340.97,9/11/2020,182.45,9/11/2020,164.48
9/14/2020,3383.54,9/14/2020,183.89,9/14/2020,164.47
9/15/2020,3401.2,9/15/2020,183.45,9/15/2020,164.07
9/16/2020,3385.49,9/16/2020,183.97,9/16/2020,163.58
9/17/2020,3357.01,9/17/2020,182.96,9/17/2020,164.08
9/18/2020,3319.47,9/18/2020,183.2,9/18/2020,163.57
9/21/2020,3281.06,9/21/2020,179.52,9/21/2020,164.4
9/22/2020,3315.57,9/22/2020,178.65,9/22/2020,164.27
9/23/2020,3236.92,9/23/2020,174.79,9/23/2020,164.49
9/24/2020,3246.59,9/24/2020,175.44,9/24/2020,165.12
9/25/2020,3298.46,9/25/2020,174.94,9/25/2020,165.12
9/28/2020,3351.6,9/28/2020,176.7,9/28/2020,164.65
9/29/2020,3335.47,9/29/2020,178.19,9/29/2020,164.84
9/30/2020,3363,9/30/2020,177.12,9/30/2020,163.26
10/1/2020,3380.8,10/1/2020,178.7,10/1/2020,163.36
10/2/2020,3348.44,10/2/2020,178.54,10/2/2020,162.75
10/5/2020,3408.63,10/5/2020,179.41,10/5/2020,159.57
10/6/2020,3360.95,10/6/2020,177.3,10/6/2020,160.43
10/7/2020,3419.45,10/7/2020,177.22,10/7/2020,159.26
10/8/2020,3446.83,10/8/2020,177.85,10/8/2020,160.12
10/9/2020,3477.13,10/9/2020,181.08,10/9/2020,160.09
10/12/2020,3534.22,10/12/2020,180.56,10/12/2020,160.6
10/13/2020,3511.93,10/13/2020,177.72,10/13/2020,161.75
10/14/2020,3488.67,10/14/2020,178.27,10/14/2020,162.12
10/15/2020,3483.34,10/15/2020,178.92,10/15/2020,161.84
10/16/2020,3483.81,10/16/2020,178.3,10/16/2020,161.39
10/19/2020,3426.92,10/19/2020,178.39,10/19/2020,160.78
10/20/2020,3443.12,10/20/2020,179.25,10/20/2020,159.25
10/21/2020,3435.56,10/21/2020,180.6,10/21/2020,158.7
10/22/2020,3453.49,10/22/2020,178.83,10/22/2020,157.05
10/23/2020,3465.39,10/23/2020,178.64,10/23/2020,158.01
10/26/2020,3400.97,10/26/2020,178.55,10/26/2020,159.48
10/27/2020,3390.68,10/27/2020,179.02,10/27/2020,160.55
10/28/2020,3271.03,10/28/2020,176.13,10/28/2020,160.7
10/29/2020,3310.11,10/29/2020,175.4,10/29/2020,159.14
10/30/2020,3269.96,10/30/2020,176.2,10/30/2020,157.57
11/2/2020,3310.24,11/2/2020,177.91,11/2/2020,158.58
11/3/2020,3369.02,11/3/2020,178.92,11/3/2020,157.66
11/4/2020,3443.44,11/4/2020,178.82,11/4/2020,161.08
11/5/2020,3510.45,11/5/2020,182.93,11/5/2020,161.36
11/6/2020,3509.44,11/6/2020,183.19,11/6/2020,159.41
